Workbook

Sheet ReadMe
V1: Mannual | Y1: Cancer Organ Type | Z1: All Cancer | AA1: CTN | AB1: COT | AC1: CS | AF1: Cancer Organ Type | AG1: All Cancer | AH1: CTN | AI1: COT | AJ1: CS | AL1: Cancer Organ Type | AM1: All Cancer | AN1: CTN | AO1: COT | AP1: CS
A2: INDIA LAB | V2: non cancer (CON) | W2: 441 | Y2: Adnexael cancer | Z2: =SUM(AA2:AC2) -> 1 | AA2: 1 | AF2: Adnexael cancer | AG2: =SUM(AH2:AJ2) -> 1 | AH2: 1 | AL2: Adnexael cancer | AM2: =SUM(AN2:AP2) -> 0
V3: Cancer (223) | Y3: Anal canal cancer | Z3: =SUM(AA3:AC3) -> 2 | AA3: 1 | AB3: 1 | AF3: Anal canal cancer | AG3: =SUM(AH3:AJ3) -> 2 | AH3: 1 | AI3: 1 | AL3: Anal canal cancer | AM3: =SUM(AN3:AP3) -> 0
V4: CTN | W4: 101 | Y4: Bladder cancer | Z4: =SUM(AA4:AC4) -> 4 | AA4: 1 | AB4: 3 | AF4: Bladder cancer | AG4: =SUM(AH4:AJ4) -> 4 | AH4: 1 | AI4: 3 | AL4: Bladder cancer | AM4: =SUM(AN4:AP4) -> 0
A5: DNA Total | B5: =SUM(B12,E12,H12,K12,N12,Q12,T12,N14, Q14,N16,Q16) -> 804 | V5: COT | W5: 82 | Y5: Blood cancer | Z5: 14 | AA5: 3 | AB5: 5 | AC5: 5 | AF5: Blood cancer | AG5: =SUM(AH5:AJ5) -> 13 | AH5: 3 | AI5: 5 | AJ5: 5 | AL5: Blood cancer | AM5: =SUM(AN5:AP5) -> 0
V6: CS | W6: 40 | Y6: Brain cancer | Z6: =SUM(AA6:AC6) -> 2 | AA6: 1 | AB6: 1 | AF6: Brain cancer | AG6: =SUM(AH6:AJ6) -> 2 | AH6: 1 | AI6: 1 | AL6: Brain cancer | AM6: =SUM(AN6:AP6) -> 0
V7: Benign | W7: 35 | Y7: Breast cancer | Z7: 32 | AA7: 13 | AB7: 7 | AC7: 9 | AF7: Breast cancer | AG7: =SUM(AH7:AJ7) -> 29 | AH7: 13 | AI7: 7 | AJ7: 9 | AL7: Breast cancer | AM7: =SUM(AN7:AP7) -> 0
A8: INDIAN ETHNICITY | B8: =B5-B227 -> 779 | V8: HR | W8: 4 | Y8: Cervical cancer | Z8: =SUM(AA8:AC8) -> 5 | AA8: 3 | AB8: 1 | AC8: 1 | AF8: Cervical cancer | AG8: =SUM(AH8:AJ8) -> 5 | AH8: 3 | AI8: 1 | AJ8: 1 | AL8: Cervical cancer | AM8: =SUM(AN8:AP8) -> 0
V9: ND | W9: 7 | Y9: Colon cancer | Z9: =SUM(AA9:AC9) -> 15 | AA9: 7 | AB9: 4 | AC9: 4 | AD9: CRC | AF9: CRC | AG9: =SUM(AH9:AJ9) -> 40 | AH9: 15 | AI9: 16 | AJ9: 9 | AL9: Colon cancer | AM9: =SUM(AN9:AP9) -> 0
A10: Sequencing Done | V10: NDD | W10: 2 | Y10: Colo rectal cancer | Z10: =SUM(AA10:AC10) -> 5 | AA10: 2 | AB10: 2 | AC10: 1 | AF10: Eye Cancer | AG10: =SUM(AH10:AJ10) -> 1 | AH10: 1 | AL10: Colo rectal cancer | AM10: =SUM(AN10:AP10) -> 0
V11: D | W11: 98 | Y11: Eye Cancer | Z11: =SUM(AA11:AC11) -> 1 | AA11: 1 | AF11: Gall bladder cancer | AG11: =SUM(AH11:AJ11) -> 1 | AH11: 1 | AL11: Esophagus cancer | AM11: =SUM(AN11:AP11) -> 0
A12: CONTROL | B12: =COUNTA(CONTROLS[Sr.no]) -> 431 | D12: CTN | E12: =COUNTA(CTN[Sr.no]) -> 101 | G12: COT | H12: =COUNTA(COT[Sr.no]) -> 79 | J12: CS | K12: =COUNTA(CS[Sr.no]) -> 40 | M12: Benign | N12: =COUNTA(Benign[Sr.no]) -> 34 | P12: High Risk | Q12: =COUNTA(HR[Sr.no]) -> 4 | S12: Diabetes | T12: =COUNTA(Diabetes[Sr.no]) -> 104 | V12: TOTAL | W12: =SUM(W2:W11) -> 810 | Y12: Esophagus cancer | Z12: =SUM(AA12:AC12) -> 3 | AA12: 1 | AB12: 2 | AD12: Gastroesophegial cancer | AF12: Gastroesophegial cancer | AG12: =SUM(AH12:AJ12) -> 6 | AH12: 3 | AI12: 3 | AL12: Gall bladder cancer | AM12: =SUM(AN12:AP12) -> 0
A13: AGE | B13: Total | D13: AGE | E13: Total | G13: AGE | H13: Total | J13: AGE | K13: Total | Y13: Gall bladder cancer | Z13: =SUM(AA13:AC13) -> 1 | AA13: 1 | AF13: Head and Neck cancer | AG13: =SUM(AH13:AJ13) -> 15 | AH13: 9 | AI13: 5 | AJ13: 1 | AL13: Gastroesophegial cancer | AM13: =SUM(AN13:AP13) -> 0
A14: 18 to 30 | B14: =COUNTA(CONTROL_1_30[Sample]) -> 119 | D14: 18 to 30 | E14: =COUNTA(CTN_1_30[Sample]) -> 2 | G14: 18 to 30 | H14: =COUNTA(COT_1_30[Sample]) -> 4 | J14: 18 to 30 | K14: =COUNTA(CS_1_30[Sample]) -> 4 | M14: Screening | N14: =COUNTIF('India_lab_(duplicate)'!H2:H979,"Screening") -> 0 | P14: ND | Q14: =COUNTIF(India_Lab!H2:H979,"ND") -> 7 | Y14: Gastroesophegeal cancer | Z14: =SUM(AA14:AC14) -> 3 | AA14: 2 | AB14: 1 | AF14: Liver cancer | AG14: =SUM(AH14:AJ14) -> 5 | AH14: 5 | AL14: Hepatocellular carcinoma | AM14: =SUM(AN14:AP14) -> 0
A15: 31 to 60 | B15: =COUNTA(CONTROL_31_60[Sample]) -> 257 | D15: 31 to 60 | E15: =COUNTA(CTN_31_60[Sample]) -> 53 | G15: 31 to 60 | H15: =COUNTA(COT_31_60[Sample]) -> 36 | J15: 31 to 60 | K15: =COUNTA(CS_31_60[Sample]) -> 19 | Y15: Head and Neck cancer | Z15: =SUM(AA15:AC15) -> 2 | AA15: 2 | AD15: Head and neck | AF15: Lung cancer | AG15: =SUM(AH15:AJ15) -> 40 | AH15: 20 | AI15: 18 | AJ15: 2 | AL15: Liver cancer | AM15: =SUM(AN15:AP15) -> 0
A16: 60+ | B16: =COUNTA(CONTROL_61_Plus[Sample]) -> 54 | D16: 61 + | E16: =COUNTA(CTN_61_Plus[Sample]) -> 46 | G16: 60+ | H16: =COUNTA(COT_61_Plus[Sample]) -> 39 | J16: 60+ | K16: =COUNTA(CS_61_Plus[Sample]) -> 17 | M16: NDD | N16: =COUNTIF('India_lab_(duplicate)'!H2:H768,"NDD") -> 2 | P16: ? | Q16: =COUNTIF('India_lab_(duplicate)'!H2:H979,"Unavailable") -> 2 | Y16: Hepatocellular carcinoma | Z16: =SUM(AA16:AC16) -> 1 | AA16: 1 | AD16: Liver cancer | AF16: Ovarian cancer | AG16: =SUM(AH16:AJ16) -> 5 | AH16: 1 | AI16: 4 | AL16: Lung cancer | AM16: =SUM(AN16:AP16) -> 0
A17: Total samples | B17: =SUM(B14:B16) -> 430 | D17: Total samples | E17: =SUM(E14:E16) -> 101 | G17: Total samples | H17: =SUM(H14:H16) -> 79 | J17: Total samples | K17: =SUM(K14:K16) -> 40 | Y17: Liver cancer | Z17: =SUM(AA17:AC17) -> 4 | AA17: 4 | AF17: Perianal Cancer | AG17: =SUM(AH17:AJ17) -> 1 | AI17: 1 | AL17: Nasopharynx cancer | AM17: =SUM(AN17:AP17) -> 0
Y18: Lung cancer | Z18: 41 | AA18: 19 | AB18: 18 | AC18: 2 | AF18: Pancreas cancer | AG18: =SUM(AH18:AJ18) -> 6 | AH18: 1 | AI18: 3 | AJ18: 2 | AL18: Oral cancer | AM18: =SUM(AN18:AP18) -> 0
Y19: Nasopharynx cancer | Z19: =SUM(AA19:AC19) -> 1 | AA19: 1 | AF19: Prostate cancer | AG19: =SUM(AH19:AJ19) -> 23 | AH19: 15 | AI19: 5 | AJ19: 3 | AL19: Ovarian cancer | AM19: =SUM(AN19:AP19) -> 0
A20: AGE - GENDER Distribution ( Excluding Other Ethnicity) | Y20: Oral cancer | Z20: =SUM(AA20:AC20) -> 6 | AA20: 4 | AB20: 2 | AF20: PUO | AG20: =SUM(AH20:AJ20) -> 1 | AH20: 1 | AL20: Pancreas cancer | AM20: =SUM(AN20:AP20) -> 0
Y21: Ovarian cancer | Z21: =SUM(AA21:AC21) -> 5 | AA21: 1 | AB21: 4 | AF21: Sarcoma | AG21: =SUM(AH21:AJ21) -> 2 | AH21: 1 | AI21: 1 | AL21: Prostate cancer | AM21: =SUM(AN21:AP21) -> 0
A22: CONTROL | Y22: Perianal Cancer | Z22: =SUM(AA22:AC22) -> 1 | AB22: 1 | AF22: Stomach cancer | AG22: =SUM(AH22:AJ22) -> 4 | AH22: 3 | AJ22: 1 | AL22: PUO | AM22: =SUM(AN22:AP22) -> 0
A23: AGE | B23: Male | C23: Femaie | D23: Total samples | Y23: Pancreas cancer | Z23: =SUM(AA23:AC23) -> 6 | AA23: 1 | AB23: 3 | AC23: 2 | AF23: Testicular cancer | AG23: =SUM(AH23:AJ23) -> 4 | AI23: 2 | AJ23: 2 | AL23: Rectal cancer | AM23: =SUM(AN23:AP23) -> 0
A24: 18 to 30 | B24: =COUNTIFS('India_lab_(duplicate)'!H:H,"CON", 'India_lab_(duplicate)'!E:E,">=1", 'India_lab_(duplicate)'!E:E,"<=30", 'India_lab_(duplicate)'!F:F,"Male", 'India_lab_(duplicate)'!J:J,"<>*other ethnicity*") -> 66 | C24: =COUNTIFS('India_lab_(duplicate)'!H:H,"CON", 'India_lab_(duplicate)'!E:E,">=1", 'India_lab_(duplicate)'!E:E,"<=30", 'India_lab_(duplicate)'!F:F,"Female", 'India_lab_(duplicate)'!J:J,"<>*other ethnicity*") -> 53 | D24: =SUM(B24:C24) -> 119 | Y24: Prostate cancer | Z24: =SUM(AA24:AC24) -> 23 | AA24: 15 | AB24: 5 | AC24: 3 | AF24: Thyroid cancer | AG24: =SUM(AH24:AJ24) -> 2 | AH24: 2 | AL24: Rectum cancer | AM24: =SUM(AN24:AP24) -> 0
A25: 31 to 60 | B25: =COUNTIFS('India_lab_(duplicate)'!H:H,"CON", 'India_lab_(duplicate)'!E:E,">=31", 'India_lab_(duplicate)'!E:E,"<=60", 'India_lab_(duplicate)'!F:F,"Male", 'India_lab_(duplicate)'!J:J,"<>*other ethnicity*") -> 131 | C25: =COUNTIFS('India_lab_(duplicate)'!H:H,"CON", 'India_lab_(duplicate)'!E:E,">=31", 'India_lab_(duplicate)'!E:E,"<=60", 'India_lab_(duplicate)'!F:F,"Female", 'India_lab_(duplicate)'!J:J,"<>*other ethnicity*") -> 110 | D25: =SUM(B25:C25) -> 241 | Y25: PUO | Z25: =SUM(AA25:AC25) -> 1 | AA25: 1 | AF25: Gastrointestinal cancer | AG25: =SUM(AH25:AJ25) -> 2 | AI25: 2 | AL25: Sarcoma | AM25: =SUM(AN25:AP25) -> 0
A26: 60+ | B26: =COUNTIFS('India_lab_(duplicate)'!H:H,"CON", 'India_lab_(duplicate)'!E:E,">=61", 'India_lab_(duplicate)'!F:F,"Male", 'India_lab_(duplicate)'!J:J,"<>*other ethnicity*") -> 30 | C26: =COUNTIFS('India_lab_(duplicate)'!H:H,"CON", 'India_lab_(duplicate)'!E:E,">=61", 'India_lab_(duplicate)'!F:F,"Female", 'India_lab_(duplicate)'!J:J,"<>*other ethnicity*") -> 20 | D26: =SUM(B26:C26) -> 50 | Y26: Rectal cancer | Z26: =SUM(AA26:AC26) -> 1 | AB26: 1 | AF26: Kidney cancer | AG26: =SUM(AH26:AJ26) -> 4 | AI26: 2 | AJ26: 2 | AL26: Stomach cancer | AM26: =SUM(AN26:AP26) -> 0
A27: Total samples | B27: =SUM(B24:B26) -> 227 | C27: =SUM(C24:C26) -> 183 | Y27: Rectum cancer | Z27: =SUM(AA27:AC27) -> 19 | AA27: 6 | AB27: 9 | AC27: 4 | AF27: Perihilar cholangiocarcinoma | AG27: =SUM(AH27:AJ27) -> 1 | AI27: 1 | AL27: Testicular cancer | AM27: =SUM(AN27:AP27) -> 0
Y28: Sarcoma | Z28: =SUM(AA28:AC28) -> 2 | AA28: 1 | AB28: 1 | AF28: Endometrial cancer | AG28: =SUM(AH28:AJ28) -> 1 | AJ28: 1 | AL28: Thyroid cancer | AM28: =SUM(AN28:AP28) -> 0
Y29: Stomach cancer | Z29: =SUM(AA29:AC29) -> 4 | AA29: 3 | AC29: 1 | AF29: Uterine Carcinosarcoma | AG29: =SUM(AH29:AJ29) -> 1 | AJ29: 1 | AL29: Tongue cancer | AM29: =SUM(AN29:AP29) -> 0
A30: CANCER | Y30: Testicular cancer | Z30: =SUM(AA30:AC30) -> 4 | AB30: 2 | AC30: 2 | AF30: Neuroendocrine Gland cancer | AG30: =SUM(AH30:AJ30) -> 1 | AJ30: 1 | AL30: Gastrointestinal cancer | AM30: =SUM(AN30:AP30) -> 0
Y31: Thyroid cancer | Z31: =SUM(AA31:AC31) -> 2 | AA31: 2 | AF31: ND | AG31: =SUM(AH31:AJ31) -> 1 | AI31: 1 | AL31: Intestine cancer | AM31: =SUM(AN31:AP31) -> 0
A32: AGE | B32: Male | C32: Female | D32: Total samples | Y32: Tongue cancer | Z32: =SUM(AA32:AC32) -> 2 | AA32: 2 | AF32: Total | AG32: =SUM(AG2:AG31) -> 223 | AH32: =SUM(AH2:AH31) -> 101 | AI32: =SUM(AI2:AI31) -> 82 | AJ32: =SUM(AJ2:AJ31) -> 40 | AL32: Kidney cancer | AM32: =SUM(AN32:AP32) -> 0
A33: 18 to 30 | B33: =SUM(B138,H138,M138) -> 7 | C33: =SUM(C138,I138,N138) -> 3 | D33: =SUM(B33:C33) -> 10 | Y33: Gastrointestinal cancer | Z33: =SUM(AA33:AC33) -> 1 | AB33: 1 | AD33: Gastrointestinal cancer | AL33: Perihilar cholangiocarcinoma | AM33: =SUM(AN33:AP33) -> 0
A34: 31 to 60 | B34: =SUM(B139,H139,M139) -> 46 | C34: =SUM(C139,I139,N139) -> 56 | D34: =SUM(B34:C34) -> 102 | Y34: Intestine cancer | Z34: =SUM(AA34:AC34) -> 1 | AB34: 1 | AL34: Salivary Gland cancer | AM34: =SUM(AN34:AP34) -> 0
A35: 61 + | B35: =SUM(B140,H140,M140) -> 48 | C35: =SUM(C140,I140,N140) -> 43 | D35: =SUM(B35:C35) -> 91 | Y35: Kidney cancer | Z35: =SUM(AA35:AC35) -> 4 | AB35: 2 | AC35: 2 | AL35: Endometrial cancer | AM35: =SUM(AN35:AP35) -> 0
A36: Total samples | B36: =SUM(B33:B35) -> 101 | C36: =SUM(C33:C35) -> 102 | Y36: Perihilar cholangiocarcinoma | Z36: =SUM(AA36:AC36) -> 1 | AB36: 1 | AL36: Follicular ameloblastoma | AM36: =SUM(AN36:AP36) -> 0
Y37: Salivary Gland cancer | Z37: =SUM(AA37:AC37) -> 3 | AB37: 3 | AL37: Uterine carcinosarcoma | AM37: =SUM(AN37:AP37) -> 0
Y38: Endometrial cancer | Z38: =SUM(AA38:AC38) -> 1 | AC38: 1 | AL38: ND | AM38: =SUM(AN38:AP38) -> 0
A39: Cancer types | Y39: Follicular ameloblastoma | Z39: =SUM(AA39:AC39) -> 1 | AC39: 1 | AL39: Total | AM39: =SUM(AM2:AM38) -> 0
Y40: Uterine Carcinosarcoma | Z40: =SUM(AA40:AC40) -> 1 | AC40: 1
Y41: Neuroendocrine Gland cancer | Z41: =SUM(AA41:AC41) -> 1 | AC41: 1
A42: Acute leukemia | F42: =COUNTIF('India_lab_(duplicate)'!L2:L1304,"Acute leukemia") -> 0 | Y42: ND | Z42: =SUM(AA42:AC42) -> 1 | AB42: 1
A43: Adenocarcinoma upper rectum | F43: =COUNTIF('India_lab_(duplicate)'!L2:L1304,"Adenocarcinoma upper rectum") -> 0 | Y43: Total | Z43: =SUM(Z2:Z42) -> 228 | AA43: =SUM(AA2:AA42) -> 100 | AB43: =SUM(AB2:AB42) -> 82 | AC43: =SUM(AC2:AC42) -> 40
A44: Auto- Immune Thyroid Disease | F44: =COUNTIF('India_lab_(duplicate)'!L2:L1304,"Auto- Immune Thyroid Disease") -> 0
A45: B cell lymphoma | F45: =COUNTIF('India_lab_(duplicate)'!L2:L1304,"B cell lymphoma") -> 0
A46: B-CELL MALT Lymphoma (Jejunum) | F46: =COUNTIF('India_lab_(duplicate)'!L2:L1304,"B-CELL MALT Lymphoma (Jejunum)") -> 0
A47: B-Cell Non-Hodkgins Lymphoma | F47: =COUNTIF('India_lab_(duplicate)'!L2:L1304,"B-Cell Non-Hodkgins Lymphoma") -> 0
A48: Bladder Cancer | F48: =COUNTIF('India_lab_(duplicate)'!L2:L1304,"Bladder Cancer") -> 4
A49: Breast | F49: =COUNTIF('India_lab_(duplicate)'!L2:L1304,"Breast") -> 1
A50: Breast (Invasive Duct Carcinoma) | F50: =COUNTIF('India_lab_(duplicate)'!L2:L1304,"Breast (Invasive Duct Carcinoma)") -> 0
A51: Breast Cancer | F51: =COUNTIF('India_lab_(duplicate)'!L2:L1304,"Breast Cancer") -> 23
A52: Cervical cancer | F52: =COUNTIF('India_lab_(duplicate)'!L2:L1304,"Cervical cancer") -> 5
A53: Chronic Essential thrombocythemia/Neoplasm | F53: =COUNTIF('India_lab_(duplicate)'!L2:L1304,"Chronic Essential thrombocythemia/Neoplasm") -> 0
A54: Chronic lymphoid leukemia | F54: =COUNTIF('India_lab_(duplicate)'!L2:L1304,"Chronic lymphoid leukemia") -> 0
A55: Colon Cancer | F55: =COUNTIF('India_lab_(duplicate)'!L2:L1304,"Colon Cancer") -> 14
A56: Colorectal Cancer | F56: =COUNTIF('India_lab_(duplicate)'!L2:L1304,"Colorectal Cancer") -> 3
A57: Endometrial cancer | F57: =COUNTIF('India_lab_(duplicate)'!L2:L1304,"Endometrial cancer") -> 1
A58: Female Reproductive Organ (Adnexae) | F58: =COUNTIF('India_lab_(duplicate)'!L2:L1304,"Female Reproductive Organ (Adnexae)") -> 0
A59: Female Reproductive Organ (Cervix, carcinoma) | F59: =COUNTIF('India_lab_(duplicate)'!L2:L1304,"Female Reproductive Organ (Cervix, carcinoma)") -> 0
A60: Female Reproductive Organ (Cervix, Squamous Cell Carcinoma) | F60: =COUNTIF('India_lab_(duplicate)'!L2:L1304,"Female Reproductive Organ (Cervix, Squamous Cell Carcinoma)") -> 0
A61: Female Reproductive Organ (Endometriosis) | F61: =COUNTIF('India_lab_(duplicate)'!L2:L1304,"Female Reproductive Organ (Endometriosis)") -> 0
A62: Female Reproductive Organ (Uterine Fibroids) | F62: =COUNTIF('India_lab_(duplicate)'!L2:L1304,"Female Reproductive Organ (Uterine Fibroids)") -> 0
A63: Follicular Ameloblastoma | F63: =COUNTIF('India_lab_(duplicate)'!L2:L1304,"Follicular Ameloblastoma") -> 1
A64: Gastroesophageal junction Adenocarcinoma | F64: =COUNTIF('India_lab_(duplicate)'!L2:L1304,"Gastroesophageal junction Adenocarcinoma") -> 0
A65: GI (Colon) | F65: =COUNTIF('India_lab_(duplicate)'!L2:L1304,"GI (Colon)") -> 0
A66: GI (Oesophagus, Squamous Cell Carcinoma) | F66: =COUNTIF('India_lab_(duplicate)'!L2:L1304,"GI (Oesophagus, Squamous Cell Carcinoma)") -> 0
A67: GI (Rectum, Adenocarcinoma) | F67: =COUNTIF('India_lab_(duplicate)'!L2:L1304,"GI (Rectum, Adenocarcinoma)") -> 0
A68: GI (Stomach, neuroendocrine) | F68: =COUNTIF('India_lab_(duplicate)'!L2:L1304,"GI (Stomach, neuroendocrine)") -> 0
A69: GI (Colon?) | F69: =COUNTIF('India_lab_(duplicate)'!L2:L1304,"GI (Colon?)") -> 1
A70: GI (Stomach, Neuroendocrine Tumor) | F70: =COUNTIF('India_lab_(duplicate)'!L2:L1304,"GI (Stomach, Neuroendocrine Tumor)") -> 0
A71: GI (Stomach, Signet Ring Carcinoma) | F71: =COUNTIF('India_lab_(duplicate)'!L2:L1304,"GI (Stomach, Signet Ring Carcinoma)") -> 0
A72: GIST | F72: =COUNTIF('India_lab_(duplicate)'!L2:L1304,"GIST") -> 1
A73: Glioblastoma | F73: =COUNTIF('India_lab_(duplicate)'!L2:L1304,"Glioblastoma") -> 0
A74: Granulosa Cell Tumor of Ovary | F74: =COUNTIF('India_lab_(duplicate)'!L2:L1304,"Granulosa Cell Tumor of Ovary") -> 0
A75: Hairy Cell Leukemia | F75: =COUNTIF('India_lab_(duplicate)'!L2:L1304,"Hairy Cell Leukemia") -> 0
A76: Head & Neck (Oral Cavity, Leimyosarcoma) | F76: =COUNTIF('India_lab_(duplicate)'!L2:L1304,"Head & Neck (Oral Cavity, Leimyosarcoma)") -> 0
A77: Head & Neck (Tongue, SCC) | F77: =COUNTIF('India_lab_(duplicate)'!L2:L1304,"Head & Neck (Tongue, SCC)") -> 0
A78: Hepatobilliary System (Liver, Hemangioma) | F78: =COUNTIF('India_lab_(duplicate)'!L2:L1304,"Hepatobilliary System (Liver, Hemangioma)") -> 0
A79: Hepatocellular carcinoma | F79: =COUNTIF('India_lab_(duplicate)'!L2:L1304,"Hepatocellular carcinoma") -> 1
A80: Hodgkin Lymphoma | F80: =COUNTIF('India_lab_(duplicate)'!L2:L1304,"Hodgkin Lymphoma") -> 0
A81: Hodgkins Lymphoma | F81: =COUNTIF('India_lab_(duplicate)'!L2:L1304,"Hodgkins Lymphoma") -> 0
A82: Kidney cancer | F82: =COUNTIF('India_lab_(duplicate)'!L2:L1304,"Kidney cancer") -> 4
A83: Liver cancer | F83: =COUNTIF('India_lab_(duplicate)'!L2:L1304,"liver cancer") -> 4
A84: Lung (Adenocarcinoma) | F84: =COUNTIF('India_lab_(duplicate)'!L53:L1367,"Lung (Adenocarcinoma)") -> 0
A85: Lung (Non Small Cell Carcinoma/ Squamous Cell Carcioma) | F85: =COUNTIF('India_lab_(duplicate)'!L54:L1368,"Lung (Non Small Cell Carcinoma/ Squamous Cell Carcioma)") -> 0
A86: Lung (Non Small Cell Carcinoma) | F86: =COUNTIF('India_lab_(duplicate)'!L55:L1369,"Lung (Non Small Cell Carcinoma)") -> 0
A87: Lung Cancer | F87: =COUNTIF('India_lab_(duplicate)'!L2:L1304,"Lung Cancer") -> 39
A88: Male Reproductive Organ (Prostate) | F88: =COUNTIF('India_lab_(duplicate)'!L57:L1371,"Male Reproductive Organ (Prostate)") -> 0
A89: Male Reproductive Organ (Prostate, Adenocarcinoma) | F89: =COUNTIF('India_lab_(duplicate)'!L2:L1304,"Male Reproductive Organ (Prostate, Adenocarcinoma)") -> 0
A90: Male Reproductive Organ (Prostate) | F90: =COUNTIF('India_lab_(duplicate)'!L2:L1304,"Male Reproductive Organ (Prostate)") -> 0
A91: Metastatic adenocarcinoma of the lung | F91: =COUNTIF('India_lab_(duplicate)'!L61:L1375,"Metastatic adenocarcinoma of the lung") -> 0
A92: Metastatic lobular carcinoma of breast | F92: =COUNTIF('India_lab_(duplicate)'!L62:L1376,"Breast Cancer") -> 23
A93: Mucoepidermoid carcinoma | F93: =COUNTIF('India_lab_(duplicate)'!L2:L1304,"Mucoepidermoid carcinoma") -> 0
A94: Non Hodgkin's Lymphoma | F94: =COUNTIF('India_lab_(duplicate)'!L2:L1304,"Non Hodgkin's Lymphoma") -> 0
A95: Non-hodgkin lymphoma | F95: =COUNTIF('India_lab_(duplicate)'!L2:L1304,"Non-hodgkin lymphoma") -> 0
A96: Oral Cancer | F96: =COUNTIF('India_lab_(duplicate)'!L2:L1304,"Oral Cancer") -> 6
A97: Ovarian Cancer | F97: =COUNTIF('India_lab_(duplicate)'!L2:L1304,"Ovarian Cancer") -> 5
A98: Ovarian carcinoma, metastatic | F98: =COUNTIF('India_lab_(duplicate)'!L2:L1304,"Ovarian carcinoma, metastatic") -> 0
A99: Pancreatic neuroendocrine tumor | F99: =COUNTIF('India_lab_(duplicate)'!L2:L1304,"Pancreatic neuroendocrine tumor") -> 0
A100: Periampullary carcinoma | F100: =COUNTIF('India_lab_(duplicate)'!L2:L1304,"Periampullary carcinoma") -> 0
...

Sheet India_Lab
A1: l | B1: AOB ID | C1: SID | D1: Name | E1: Age | F1: Gender | G1: Patient ID | H1: New Case label | I1: Additional | J1: Source | K1: Detail Disease | L1: Organ Type | M1: Comorbidity | N1: Family history | O1: Metastasis | P1: Patient status | Q1: Sample Collection Date | R1: DNA availability | S1: Sequencing | T1: DIN | U1: Research/Report | V1: Sequencing partner (E) | W1: Data received (E) | X1: TMR-E (Gbp) | Y1: Data analysed-E (Som) | Z1: Data analysed-E (Germ) | AA1: Sample lebeling | AB1: Analysis | AC1: Report (made/release) | AD1: Report Release Date | AE1: Comments (report sample ID) | AF1: Consultation
B2: 2022-2025 | AB2: - | AC2: -
A3: 1 | B3: 6 | C3: 6 | D3: Sujay | E3: 50 | F3: Male | G3: NA | H3: CON | N3: - | O3: - | Q3: - | R3: Exhausted | S3: Done | T3: - | U3: Research | V3: Medgenome | W3: - | X3: 122.16 (18.44) | Y3: Yes | Z3: - | AA3: 6b | AB3: - | AC3: -
A4: 2 | B4: 9 | C4: 1A0027 | D4: Jyoti Pujari | E4: 45 | F4: Female | G4: J000019 | H4: CON | M4: - | N4: - | O4: - | Q4: 44698 | R4: Exhausted | S4: Done | T4: - | U4: Research | V4: Medgenome | W4: - | X4: 79.99 (12) | Y4: Yes | Z4: Yes | AA4: 9b | AB4: - | AC4: -
A5: 3 | B5: 11 | C5: 1A0029 | D5: Priya Parsekar | E5: >45 | F5: Female | G5: P000004 | H5: CON | M5: - | N5: - | O5: - | Q5: 44698 | R5: Exhausted | S5: Done | T5: - | U5: Research | V5: Medgenome | W5: - | X5: 81.29 (12.2) | Y5: Yes | Z5: Yes | AA5: 11b, 11d | AB5: - | AC5: -
A6: 4 | B6: 14 | C6: 1A0041 | D6: Neepa dalal | E6: 52 | F6: Female | G6: N000002 | H6: CON | M6: - | N6: Diabetes, Thyroid, Osteoporosis & Parents have diabetes, heart diseases and cancer | O6: - | Q6: 44701 | R6: Exhausted | S6: Done | T6: - | U6: Research | V6: Medgenome | W6: - | X6: 77.41 (11.6) | Y6: Yes | Z6: Yes | AA6: 14b, 14d | AB6: - | AC6: -
A7: 5 | B7: 24 | C7: 1A0061 | D7: Rita Gurwada | E7: 63 | F7: Female | G7: R000005 | H7: CON | M7: - | N7: - | O7: - | Q7: 44711 | R7: Exhausted | S7: Done | T7: 8.4 | U7: Research | V7: Medgenome | W7: - | X7: 59.75 (9) | Y7: Yes | Z7: Yes | AA7: 24b, 24d | AB7: - | AC7: -
A8: 6 | B8: 27 | C8: 1A0154 | D8: Kapil Agarwal | E8: 38 | F8: Male | G8: K000006 | H8: CON | M8: - | N8: T.N Breast Cancer (Mother) | O8: - | Q8: 44770 | R8: Exhausted | S8: Done | T8: 8.4 | U8: Research | V8: Medgenome | W8: - | X8: 56.16 (8.4) | Y8: Yes | Z8: Yes | AA8: 27b | AB8: - | AC8: -
A9: 7 | B9: 32 | C9: 1A0166 | D9: Leela E. Shinde | E9: 62 | F9: Female | G9: L000003 | H9: CON | M9: - | N9: - | O9: - | Q9: 44796 | R9: Exhausted | S9: Done | T9: 8.5 | U9: Research | V9: Medgenome | W9: - | X9: 73.19 (11) | Y9: Yes | Z9: Yes | AA9: 32b, 32d | AB9: - | AC9: -
A10: 8 | B10: 34 | C10: 1A0169 | D10: Nitu Kumari | E10: 35 | F10: Female | G10: N000010 | H10: CON | M10: - | N10: - | O10: - | Q10: 44798 | R10: Exhausted | S10: Done | T10: 8.3 | U10: Research | V10: Medgenome | W10: - | X10: 66.55 (10) | Y10: Yes | Z10: Yes | AA10: 34b, 34d | AB10: - | AC10: -
A11: 9 | B11: 36 | C11: 1A0168 | D11: Pramod Shinde | E11: 37 | F11: Male | G11: P000015 | H11: CON | M11: - | N11: Cancer-Family History | O11: - | Q11: 44796 | R11: Exhausted | S11: Done | T11: 8.6 | U11: Research | V11: Medgenome | W11: - | X11: 59.43 (8.8) | Y11: Yes | Z11: Yes | AA11: 36b | AB11: - | AC11: -
A12: 10 | B12: 37 | C12: 1A0159 | D12: Satish Shukla | E12: 35 | F12: Male | G12: S000040 | H12: CON | M12: - | N12: - | O12: - | Q12: 44781 | R12: Exhausted | S12: Done | T12: 8.2 | U12: Research | V12: Medgenome | W12: - | X12: 73.78 (11) | Y12: Yes | Z12: - | AA12: 37b | AB12: - | AC12: -
A13: 11 | B13: 38 | C13: 1A0155 | D13: Rohit Kachroo | E13: 50 | F13: Male | G13: R000010 | H13: CON | M13: - | N13: - | O13: - | Q13: - | R13: Exhausted | S13: Done | T13: 9.6 | U13: Research | V13: Medgenome | W13: - | X13: 75.18 (11.2) | Y13: Yes | Z13: Yes | AA13: 38b, 38d | AB13: - | AC13: -
A14: 12 | B14: 43 | C14: 1A0347 | D14: V Krishnan | E14: 52 | F14: Male | G14: K000017 | H14: CON | I14: Elevated PSA | M14: PSA high | N14: - | O14: - | Q14: - | R14: Exhausted | S14: Done | T14: 8.3 | U14: Report | V14: Medgenome | W14: - | X14: 72.92 (11) | Y14: Yes | Z14: Yes | AA14: 43b, 43d | AB14: - | AC14: -
A15: 13 | B15: 44 | C15: 1A0348 | D15: Aparna | E15: 55 | F15: Female | G15: A000045 | H15: CON | N15: - | O15: - | Q15: 44875 | R15: Exhausted | S15: Done | T15: 8.3 | U15: Research | V15: Medgenome | W15: - | X15: 53.31 (8) | Y15: Yes | Z15: Yes | AA15: 44b, 44d | AB15: - | AC15: -
A16: 14 | B16: 56 | C16: 1A0458 | D16: Gunjan Bajpai | E16: 42 | F16: Female | G16: G000012 | H16: CON | M16: - | N16: Diabetes | O16: - | Q16: 44905 | R16: YES | S16: Done | T16: 8.5 | U16: Research | V16: Medgenome | W16: - | X16: 39.11 (5.8) | Y16: Yes | Z16: Yes | AA16: 56b, 56d_R | AB16: - | AC16: -
A17: 15 | B17: 57 | C17: 1A0459 | D17: Amit Bajpai | E17: 47 | F17: Male | G17: A000054 | H17: CON | M17: - | N17: Diabetes | O17: - | Q17: 44905 | R17: YES | S17: Done | T17: 8.6 | U17: Research | V17: Medgenome | W17: - | X17: 87.84 (13.2) | Y17: Yes | Z17: Yes | AA17: 57b, 57d_R | AB17: - | AC17: -
A18: 16 | B18: 77 | C18: 2A0027 | D18: Meena Sawant | E18: 57 | F18: Female | G18: M000034 | H18: CON | M18: - | N18: - | O18: - | Q18: 44933 | R18: YES | S18: Done | T18: 8.8 | U18: Research | V18: Medgenome | W18: - | X18: 56.56 (8.4) | Y18: Yes | Z18: Yes | AA18: 77b, 77d | AB18: - | AC18: -
A19: 17 | B19: 91 | C19: 2A0087 | D19: Dr G. S. Toteja | E19: 64 | F19: Male | G19: T000013 | H19: CON | M19: - | N19: - | O19: - | Q19: 44942 | R19: YES | S19: Done | T19: 8.2 | U19: Research | V19: Medgenome | W19: - | X19: 103.48 () | Y19: Yes | Z19: Yes | AA19: 91b, 91d | AB19: - | AC19: -
A20: 18 | B20: 136 | C20: 2A0440 | D20: Neha Ajay Hirlekar | E20: 39 | F20: Female | G20: N000044 | H20: CON | M20: - | N20: Her Grandfather (mother side), Uncle (mother side) | O20: - | Q20: 0 | R20: YES | S20: Done | T20: - | U20: Research | V20: Medgenome | W20: 45076 | X20: 79.14 (11.8) | Y20: Yes | Z20: - | AA20: 136d/148d | AB20: - | AC20: -
A21: 19 | B21: 89 | C21: 2A0057 | D21: Amruta Ghag | E21: 62 | F21: Female | G21: A000062 | H21: CON | M21: - | N21: Diabetes and HTN; Mother- colon cancer; Brother-pancreas | O21: - | Q21: 44936 | R21: YES | S21: Done | T21: 8.3 | U21: Research | V21: Medgenome | W21: 45076 | X21: 68.68 (10.2) | Y21: Yes | Z21: Yes | AA21: - | AB21: - | AC21: -
A22: 20 | B22: 161 | C22: 2A0760 | D22: Radhika Radia | E22: 46 | F22: Female | G22: R000022 | H22: CON | M22: - | N22: Brother- Prostate Cancer | O22: - | Q22: 45145 | R22: YES | S22: Done | T22: 8.5 | U22: Research | V22: Medgenome | W22: 45169 | X22: 59.6 (8.8) | Y22: Yes | Z22: Yes | AA22: 161b, 161d | AB22: Yes | AC22: -
A23: 21 | B23: 166 | C23: 2A1063 | D23: Ravikant Ruia | E23: 74 | F23: Male | G23: R000075 | H23: Benign | I23: Screening | K23: Male Reproductive Organ (Prostate, BPH), Multiple benign cystic lesions | L23: Prostate | M23: Adenomatous prostate hyperplasia with multiple benign cystic lesions | N23: Clinical history of patient - Adenomatous prostate hyperplasia with multiple benign cystic lesions (MRI, dated 23/1/218) and benign prostate hyperplasia (MRI, dated 14/9/219); Serum PSA: 1.16 ng/mL, dated 11/11/223; Serum cancer marker: AFP-α, CA15.3, CA19.9, CEA & Thyroglobulin (All in normal range), dated 11/11/223; On hormone therapy: past 2-3 years. Family history of cancer - Brother: Lung Cancer, Sister: Myelodysplastic syndrome, Sister: Cancer (type not provided)._x000D_ | O23: - | Q23: 45241 | R23: YES | S23: Done | T23: 8.5 | U23: Report | V23: Medgenome | W23: 45265 | X23: 61.67 (9.2) | Y23: Yes | Z23: Yes | AA23: 166b, 166d | AB23: Yes | AC23: Released | AD23: 45275 | AE23: 3A0724
A24: 22 | B24: 167 | C24: 2A1100 | D24: Madhu Ruia | E24: 68 | F24: Female | G24: M000094 | H24: Benign | K24: Hepatobilliary System (Liver, Hemangioma) | L24: Liver | M24: - | N24: Clinical history of patient - Hemangioma in liver (Report not provided). On hormone therapy (Estrogen/Progesterone). Cancer serum marker done (Report not provided). Tonsillectomy at the age of 11/12 years. | O24: - | Q24: 45253 | R24: YES | S24: Done | T24: 8.9 | U24: Report | V24: Medgenome | W24: 45280 | X24: 78.99 (11.8) | Y24: Yes | Z24: Yes | AA24: 167b, 167d | AB24: Yes | AC24: Released | AD24: 45294 | AE24: 3A0860
A25: 23 | B25: 163 | C25: 2A0810 | D25: Bhavna Roy | E25: 56 | F25: Female | G25: B000032 | H25: CON | M25: - | N25: - | O25: - | Q25: 45161 | R25: YES | S25: Done | T25: 9.1 | U25: Research | V25: Medgenome | W25: 45183 | X25: 57.19 (8.6) | Y25: Yes | Z25: Yes | AA25: 163b, 163d | AB25: - | AC25: -
A26: 24 | B26: 189 | C26: 3A0326 | D26: Kavita Nalawade | E26: 25 | F26: Female | G26: K000010 | H26: CON | M26: - | N26: Father- cancer | O26: - | Q26: 45357 | R26: YES | S26: Done | T26: 8.9 (100X) | U26: Research | V26: Medgenome | W26: 45398 | X26: 61.28 (9.2) | Y26: Yes | Z26: - | AA26: 189b, 189d | AB26: Yes | AC26: -
A27: 25 | B27: 19 | C27: 3A0350 | D27: Dheeraj Ahluwalia | E27: 56 | F27: Male | G27: D000071 | H27: Benign | I27: Enlarged prostate | K27: BPH | L27: Prostate | M27: Diabetes, cholesterol, enlarged prostate | N27: Family history of cancer: Father - Brain cancer at 79 Years, Paternal Grandfather - Blood cancer at 78 Years; Other health conditions (Current Medications): Elevated cholesterol (Lipitor), Diabetes (Linagliptin, Empagliflozin, Glucophage XR), Enlarged prostrate (Tamsulosin Hydrochloride) | O27: - | Q27: 45369 | R27: YES | S27: Done | T27: 9.2 (250X) | U27: Report | V27: Medgenome | W27: 45411 | X27: 62.6 (9.4) | Y27: Yes | Z27: Yes | AA27: 190b, 190d | AB27: Yes | AC27: Released | AD27: 45416
A28: 26 | B28: 192 | C28: 3A0454 | D28: Mehar Bajaj | E28: 27 | F28: Female | G28: M000132 | H28: CON | M28: - | N28: Clinical history of patient: No relevant clinical history of concern. Family history of cancer: Maternal Grandfather - Lung cancer at age of 7 years, Maternal great grandfather and great grandmother - Ear cancer | O28: - | Q28: 45390 | R28: YES | S28: Done | T28: 8.7 (250X) | U28: Report | V28: Medgenome | W28: 45427 | X28: 156.79 (23.6) | Y28: Yes | Z28: Yes | AA28: 192b, 192d | AB28: - | AC28: Released | AD28: 45435 | AE28: 3A1080
A29: 27 | B29: 21 | C29: 3A0631 | D29: Nirali Gurwada | E29: 40 | F29: Female | G29: N000092 | H29: CON | M29: - | N29: - | O29: - | Q29: 45454 | R29: YES | S29: Done | T29: 8.2 (250X) | U29: Report | V29: Medgenome | W29: 45482 | X29: 193.85 (29.2) | Y29: Yes | Z29: Yes | AA29: 201b, 201d | AB29: Yes | AC29: -
A30: 28 | B30: 24 | C30: 3A0700 | D30: Vijay Shah | E30: 67 | F30: Male | G30: V000001 | H30: CON | M30: Diabetes, hypertension | N30: Clinical history of patient • Diabetes and high BP in the last 1 year: On Rx drug for 4 months, now stopped. • Sudden transient rise in BP in working hours 4 months back, high CPK MB levels: 2 U/I in blood dated 17th Apr 224, HS troponin 1 level is in normal range dated 17th Apr 224 • Smoking since last 1 years: 2-3 per day and occasional drinking (stopped from the last 2 months) • Supplements: - Formula 1 from HERBALIFE - Personalised Protein powder, shakes, nutritional supplements, cell activator tablets (Antioxidant/ Alpha-lipoic acid tablet) as a meal replacement; Probiotics (Bacillus Coagulans) for gut health; XAR- XAP 2 times a day daily Family history of cancer • NA | O30: - | Q30: 45472 | R30: YES | S30: Done | T30: 8.6 (100X) | U30: Report | V30: Medgenome | W30: 45510 | X30: 69.62 (10.4) | Y30: Yes | Z30: Yes | AA30: 204b, 204d | AB30: - | AC30: Released | AD30: 45455
A31: 29 | B31: 25 | C31: 3A0723 | D31: Shweta Devendra | E31: 26 | F31: Female | G31: S000411 | H31: CON | M31: - | N31: - | O31: - | Q31: 45478 | R31: YES | S31: Done | T31: 8.4 (100X) | U31: Research | V31: Medgenome | W31: 45516 | X31: 80.46 (12) | Y31: Yes | Z31: Yes | AA31: 205b, 205d | AB31: Yes | AC31: -
A32: 30 | B32: 29 | C32: 3A0753 | D32: Shailesh HariBhakti | E32: 68 | F32: Male | G32: S000221 | H32: CON | M32: Diabetes, Heart disease | N32: Clinical History  Bypass surgery in 24, pacemaker in 222, both eyes cataract surgery  Diabetes-taking insulin (dose was titrating based on sugar level)  XAR-XAP for last 5 years (dose: during covid 3 times each/day, now once/day); Nova rapid bulds; Shelcal 5; Galvin met 5/5; Rozuvas cv Seloken XL 12.5 mg Family history of cancer  Mother- diabetes, cardiovascular problem | O32: - | Q32: 45484 | R32: YES | S32: Done | T32: 7.9 (250X) | U32: Report | V32: Medgenome | W32: 45511 | X32: 160.7 (24.2) | Y32: Yes | Z32: Yes | AA32: 209b, 209d | AB32: Yes | AC32: Released | AD32: 24/09/2024
A33: 31 | B33: 213 | C33: 3A0819 | D33: Niteen Tulpule | E33: 50 | F33: Male | G33: N000101 | H33: CON | M33: Hypertension | Q33: 45496 | R33: YES | S33: Done | T33: 8.4 (250X) | U33: Report | V33: Medgenome | W33: 45561 | X33: 132.77 (20) | Y33: Yes | Z33: Yes | AA33: 213b, 213d | AB33: - | AC33: Released | AD33: 45422
A34: 32 | B34: 249 | C34: 3A1093 | D34: Kavita Singh | E34: 59 | F34: Female | G34: K000101 | H34: D | J34: Dr Nadeem | M34: - | Q34: 45587 | R34: YES | S34: Done | T34: 8.6 | U34: Report | V34: Medgenome | W34: 45624 | X34: 69.64 (10.4) | Y34: Yes | Z34: Yes | AA34: 249b, 249d | AB34: Yes | AC34: -
A35: 33 | B35: 276 | C35: 3A1167 | D35: Mahesh Agrawal | E35: 73 | F35: Male | G35: M000008 | H35: Benign | K35: Male Reproductive Organ (Benign Prostate Hyperplasia), exophytic cyst in the upper pole of left kidney | L35: Prostate, kidney | M35: Hypothyroidism | Q35: 45610 | R35: YES | S35: Done | T35: - | U35: Paid Report | V35: Medgenome | W35: 45690 | X35: 155.86 (23.4) | Y35: Yes | Z35: Yes | AA35: 276b, 276d | AB35: - | AC35: Released | AD35: 45677 | AE35: 3A1108
A36: 34 | B36: 31 | C36: 3A1248 | D36: Ashish Gupta | E36: 26 | F36: Male | G36: A000300 | H36: D | J36: Dr Nadeem | M36: Diabetes | Q36: 45624 | R36: YES | S36: Done | T36: 9.1 | U36: Research | V36: Medgenome | W36: 45677 | X36: 79.48 (12) | Y36: Yes | Z36: Yes | AA36: 301b, 301d | AB36: Yes | AC36: -
A37: 35 | B37: 322 | C37: 3A1288 | D37: Shiv Nayak | E37: 64 | F37: Male | G37: S000506 | H37: CON | M37: - | Q37: 45635 | R37: YES | S37: Done | T37: 7.9 | U37: Report | V37: Medgenome | W37: 45677 | X37: 63.6 (9.6) | Y37: Yes | Z37: Yes | AA37: 322b, 322d | AB37: Yes | AC37: Released | AD37: 45678
A38: 36 | B38: 359 | C38: 3A1342 | D38: Komal Dharmani | E38: 44 | F38: Female | G38: K000114 | H38: Benign | K38: Female Reproductive Organ (Endometriosis and Uterine Fibroids) | L38: Uterus | M38: Endometriosis, fibroid surgery in 2019 | Q38: 45645 | R38: YES | S38: Done | T38: 7.7 | U38: Report | V38: Medgenome | W38: 45692 | X38: 76.31 (11.4) | Y38: Yes | Z38: Yes | AA38: 359b, 359d | AB38: Yes | AC38: Released | AD38: 45706 | AE38: 3A1273
A39: 37 | B39: 36 | C39: 3A1343 | D39: Lalit Dharmani | E39: 49 | F39: Male | G39: L000039 | H39: CON | M39: - | Q39: 45645 | R39: YES | S39: Done | T39: 8.2 | U39: Report | V39: Medgenome | W39: 45692 | X39: 66.55 (10) | Y39: Yes | Z39: Yes | AA39: 360b, 360d | AB39: Yes | AC39: Released | AD39: 45706
A40: 38 | C40: 4A0414 | D40: Arun Madhu | E40: 40 | F40: Male | G40: A000355 | H40: CON | M40: Bradycardia, Sleep apnoea | Q40: 45717 | R40: YES | S40: Done | T40: - | U40: Research | V40: MiBiome | W40: 45832 | X40: 66.84 (10) | Y40: Yes | Z40: - | AA40: 4A0414 | AB40: - | AC40: -
A41: 39 | C41: 4A0415 | D41: Nipa Sheth | E41: 55 | F41: Female | G41: N000008 | H41: CON | M41: - | Q41: 45719 | R41: YES | S41: Done | T41: - | U41: Research | V41: MiBiome | W41: 45832 | X41: 76.71 (11.4) | Y41: Yes | Z41: - | AA41: 4A0415 | AB41: - | AC41: -
A42: 40 | C42: 4A0416 | D42: Beerud Sheth | E42: 54 | F42: Male | G42: B000094 | H42: CON | M42: - | Q42: 45719 | R42: YES | S42: Done | T42: - | U42: Research | V42: MiBiome | W42: 45832 | X42: 66.47 (10) | Y42: Yes | Z42: - | AA42: 4A0416 | AB42: - | AC42: -
A43: 41 | B43: 399 | C43: 3A1358 | D43: Ashish Tripathi Junior | E43: 50 | F43: Male | G43: A000356 | H43: CON | I43: Benign?? | M43: - | Q43: 45657 | R43: YES | S43: Done | T43: - | U43: Research | V43: MiBiome | W43: 45832 | X43: 66.79 (10) | Y43: Yes | Z43: - | AA43: 399d | AB43: Yes | AC43: Released
A44: 42 | B44: 243 | C44: 3A1081 | D44: S. S. Bhandari | E44: 77 | F44: Male | G44: S000206 | H44: CON | M44: - | Q44: 45584 | R44: YES | S44: Done | T44: - | U44: Research | V44: MiBiome | W44: 45832 | X44: 66.44 (10) | Y44: Yes | Z44: - | AA44: 243d | AB44: - | AC44: -
A45: 43 | C45: 4A0451 | D45: Venus Khanna | E45: 55 | F45: Female | G45: V000138 | H45: CON | M45: Pre-diabetes | Q45: 45740 | R45: YES | S45: Done | T45: - | U45: Research | V45: MiBiome | W45: 45832 | X45: 76.42 (11.4) | Y45: Yes | Z45: - | AA45: 4A0451_T | AB45: Yes | AC45: Released | AE45: 4A0302
A46: 44 | C46: 4A0452 | D46: Manish Khanna | E46: 57 | F46: Male | G46: M000213 | H46: CON | M46: Hypertension (Mild) | Q46: 45740 | R46: YES | S46: Done | T46: - | U46: Research | V46: MiBiome | W46: 45832 | X46: 67.10 (10) | Y46: Yes | Z46: - | AA46: 4A0452_T | AB46: - | AC46: -
A47: 45 | C47: 4A0459 | D47: Mohit Lalvani | E47: 58 | F47: Male | G47: M000214 | H47: CON | M47: Hypertension | Q47: 45743 | R47: YES | S47: Done | T47: - | U47: Research | V47: MiBiome | W47: 45832 | X47: 66.48 (10) | Y47: Yes | Z47: - | AA47: 4A0459_T | AB47: - | AC47: -
A48: 46 | B48: 158 | C48: 4A0492 | D48: Samrat Patil | E48: 18 | F48: Male | G48: S000607 | H48: CON | M48: - | Q48: 45750 | R48: YES | S48: Done | T48: - | U48: Report/Research | V48: MiBiome | W48: 45832 | X48: 74.77 (11.2) | Y48: Yes | Z48: - | AA48: 00158_S39, 4A0492_E_MB_S26 | AB48: - | AC48: -
A49: 47 | C49: 4A0608 | D49: Chhaya Saini | E49: 31 | F49: Female | G49: C000007 | H49: CON | M49: - | Q49: 45777 | R49: YES | S49: Done | T49: - | U49: Report/Research | V49: MiBiome | W49: 45832 | X49: 95.260822 (66.74 (10) | Y49: Yes | Z49: - | AA49: 4A0608_T_S14, 4A0608_E_MB_S29 | AB49: - | AC49: -
A50: 48 | C50: 4A0652 | D50: Sunanda Kadam | E50: 76 | F50: Female | G50: S000645 | H50: Benign | K50: Soft Tissue (Pilar Cyst), Lesion on scalp | L50: Head | M50: Diabetes, Hypertension | Q50: 45794 | R50: YES | S50: Done | T50: - | U50: Report/Research | V50: MiBiome | W50: 45832 | X50: 75.94 (11.4) | Y50: Yes | Z50: - | AA50: 4A0652_T_MB_S57, 4A0652_E_MB_S30 | AB50: - | AC50: -
A51: 49 | C51: 4A0725 | D51: Suryakant Dabilkar | E51: 73 | F51: Male | G51: S000654 | H51: COT | K51: Hepatobilliary System (Pancreas, Ampulary Carcinoma) | L51: Pancreas cancer | M51: Hypertension, Chronic liver disease | Q51: 45814 | R51: YES | S51: Done | T51: - | U51: Report/Research | V51: MiBiome | W51: 45832 | X51: 66.22 (9.8) | Y51: Yes | Z51: - | AA51: 4A0725_T_MB_S43, 4A0725_E_MB_S32 | AB51: - | AC51: -
A52: 50 | C52: 4A0030 | D52: Laxmi Buchiya | E52: 48 | F52: Female | G52: L000041 | H52: CON | M52: - | Q52: 45666 | R52: YES | S52: Done | T52: - | U52: Research | V52: MiBiome | W52: 45889 | X52: 85.19 (12.8) | Y52: Yes | Z52: Yes | AA52: 4A0030_T_MB_S8, 4A0030_E_MB_S33 | AB52: - | AC52: -
A53: 51 | C53: 4A0122 | D53: Shubhangi Gole | E53: 30 | F53: Female | G53: S000545 | H53: CON | M53: - | Q53: 45672 | R53: YES | S53: Done | T53: - | U53: Research | V53: MiBiome | W53: 45889 | X53: 93.21 (14) | Y53: Yes | Z53: Yes | AA53: 4A0122_T_MB_S9, 4A0122_E_MB_S34 | AB53: Yes | AC53: Released | AD53: 45796 | AE53: 1A0461
A54: 52 | C54: 4A0128 | D54: Ramanlal Wagh | E54: 56 | F54: Male | G54: R000236 | H54: CON | M54: Hypertension | Q54: 45672 | R54: YES | S54: Done | T54: - | U54: Research | V54: MiBiome | W54: 45889 | X54: 78.74 (11.8) | Y54: Yes | Z54: Yes | AA54: 4A0128_T_MB_S10, 4A0128_E_MB_S35 | AB54: - | AC54: -
A55: 53 | B55: 4A916A | C55: 4A0916 | D55: Arslam Goni | E55: 40 | F55: Male | G55: A000408 | H55: CON | M55: Hypertension | Q55: 45846 | R55: YES | S55: Done | T55: - | U55: Research | V55: MiBiome | W55: 45889 | X55: 97.1 (14.6) | Y55: Yes | Z55: Yes | AA55: 4A0916A_T_MB_S12 | AB55: - | AC55: -
A56: 54 | C56: 4A1001 | D56: Shivam Singh | E56: 33 | F56: Male | G56: S000699 | H56: Benign | K56: Lump in neck | L56: Neck | M56: Lump in neck | Q56: 45868 | R56: YES | S56: Done | T56: - | U56: Report/Research | V56: MiBiome | W56: 45889 | X56: 86.38 (13) | Y56: Yes | Z56: Yes | AA56: 4A1001_T, 4A1001_E_MB_S40 | AB56: - | AC56: -
A57: 55 | C57: 4A1015 | D57: Rakesh Surana | E57: 49 | F57: Male | G57: R000308 | H57: CON | M57: Hypertension | Q57: 45871 | R57: YES | S57: Done | T57: - | U57: Research | V57: MiBiome | W57: 45889 | X57: 86.93 (13) | Y57: Yes | Z57: Yes | AA57: 4A1015_T, 4A1015_E_MB_S42 | AB57: - | AC57: -
A58: 56 | C58: 4A1022 | D58: Shivani Bhardwaj | E58: 42 | F58: Female | G58: S000704 | H58: CON | M58: - | Q58: 45873 | R58: YES | S58: Done | T58: - | U58: Report/Research | V58: MiBiome | W58: 45889 | X58: 97.92 (14.6) | Y58: Yes | Z58: Yes | AA58: 4A1022_T, 4A1022_E_MB_S43 | AB58: - | AC58: -
A59: 57 | C59: 4A1023 | D59: Sandeep Bhardwaj | E59: 45 | F59: Male | G59: S000705 | H59: CON | M59: - | Q59: 45873 | R59: YES | S59: Done | T59: - | U59: Report/Research | V59: MiBiome | W59: 45889 | X59: 89.45 (13.4) | Y59: Yes | Z59: Yes | AA59: 4A1023_T, 4A1023_E_MB_S44 | AB59: - | AC59: -
A60: 58 | C60: 4A0963 | D60: Nanda Gawade | E60: 60 | F60: Female | G60: N000154 | H60: CON | I60: Under Evaluation | M60: Mouth ulcer since a month Acute infection, such as cold, cough, fever (viral infection) | Q60: 45862 | R60: YES | S60: Done | T60: - | U60: Research | V60: MiBiome | W60: 45918 | X60: 72.93 (11) | Y60: Not analysed | Z60: - | AA60: 4A0963_E_MB_S54 | AB60: - | AC60: -
A61: 59 | C61: 4A1113 | D61: Nutan Dhuri | E61: 44 | F61: Female | G61: N000159 | H61: CON | Q61: 45891 | R61: YES | S61: Done | T61: - | U61: Research | V61: MiBiome | W61: 45933 | X61: 92.53 (13.8) | Y61: Yes | Z61: Yes | AA61: 4A1113_E_MB_S38 | AB61: Yes | AC61: Released | AE61: 3A0884
A62: 60 | C62: 4A1114 | D62: Gaurangi Dhuri | E62: 22 | F62: Female | G62: G000097 | H62: CON | Q62: 45891 | R62: YES | S62: Done | T62: - | U62: Research | V62: MiBiome | W62: 45933 | X62: 84.41 (12.6) | Y62: Yes | Z62: Yes | AA62: 4A1114_E_MB_S39 | AB62: Yes | AC62: Released | AE62: 3A0885
A63: 61 | C63: 4A1115 | D63: Dattaram Dhuri | E63: 51 | F63: Male | G63: D000148 | H63: CON | Q63: 45891 | R63: YES | S63: Done | T63: - | U63: Research | V63: MiBiome | W63: 45933 | X63: 85.29 (12.8) | Y63: Yes | Z63: Yes | AA63: 4A1115_E_MB_S40 | AB63: - | AC63: -
A64: 62 | C64: 4A0425 | D64: Mallika Dahiya | E64: 28 | F64: Female | G64: M000209 | H64: D | J64: Dr Nadeem | M64: - | Q64: 45723 | R64: YES | S64: Done | T64: - | U64: Research | V64: MiBiome | W64: 45933 | X64: 97.37 (14.6) | Y64: Yes | Z64: Yes | AA64: 4A0425_T, 4A0425_E_MB_S11 | AB64: - | AC64: -
A65: 63 | C65: 4A0468 | D65: Ruhi Baig | E65: 43 | F65: Female | G65: R000264 | H65: D | J65: Dr Nadeem | Q65: 45744 | R65: YES | S65: Done | T65: - | U65: Research | V65: MiBiome | W65: 45933 | X65: 100.56 (15) | Y65: Yes | Z65: Yes | AA65: 4A0468_E_MB_S24 | AB65: - | AC65: -
A66: 64 | B66: 43 | C66: 3A1259 | D66: Sangita Chavan | E66: 37 | F66: Female | G66: S000502 | H66: CON | J66: Spec Lab | Q66: 45625 | R66: YES | S66: Done | T66: - | U66: Research | V66: MiBiome | W66: 45933 | X66: 95.02 (14.2) | Y66: Yes | Z66: Yes | AA66: 403b_MB_S42 | AB66: - | AC66: -
A67: 65 | B67: 48 | C67: 3A1356 | D67: Minakshi Paygude | E67: 57 | F67: Female | G67: M000181 | H67: CON | J67: Spec Lab | Q67: 45653 | R67: YES | S67: Done | T67: - | U67: Research | V67: MiBiome | W67: 45933 | X67: 95.56 (14.4) | Y67: Yes | Z67: Yes | AA67: 408b_MB_S48 | AB67: - | AC67: -
A68: 66 | C68: 4A0671 | D68: Mangesh Mahadik | E68: 45 | F68: Male | G68: M000001 | H68: CON | Q68: 45799 | R68: YES | S68: Done | T68: - | U68: Research | V68: MiBiome | W68: 45933 | X68: 87.52 (13.2) | Y68: Yes | Z68: Yes | AA68: 4A0671_E_MB_S37 | AB68: - | AC68: -
A69: 67 | C69: 4A0873 | D69: Ryan Patel | E69: 20 | F69: Male | G69: R000297 | H69: D | J69: Dr Nadeem | Q69: 45838 | R69: YES | S69: Done | T69: - | U69: Research | V69: MiBiome | W69: 45918 | X69: 74.56 (11.2) | Y69: Not analysed | Z69: - | AA69: 4A0873_T_MB_S7, 4A0873_E_MB_S48 | AB69: - | AC69: -
A70: 68 | C70: 4A0918 | D70: Zainab Patel | E70: 46 | F70: Female | G70: Z000010 | H70: D | J70: Dr Nadeem | Q70: 45846 | R70: YES | S70: Done | T70: - | U70: Research | V70: MiBiome | W70: 45918 | X70: 78.37 (11.8) | Y70: Not analysed | Z70: - | AA70: 4A0918_T_MB_S9, 4A0918_E_MB_S51 | AB70: - | AC70: -
A71: 69 | C71: 4A0935 | D71: Shabina Patel | E71: 46 | F71: Female | G71: S000690 | H71: D | J71: Dr Nadeem | Q71: 45854 | R71: YES | S71: Done | T71: - | U71: Research | V71: MiBiome | W71: 45918 | X71: 60.96 (9.2) | Y71: Not analysed | Z71: - | AA71: 4A0935_T_MB_S11, 4A0935_E_MB_S53 | AB71: - | AC71: -
A72: 70 | C72: 4A0580 | D72: Shivani Tripathi | E72: 49 | F72: Female | G72: S000017 | H72: CON | Q72: 45769 | R72: YES | S72: Done | T72: - | U72: Research | V72: Mibiome | W72: 45947 | X72: 82.52 (12.4) | Y72: Not analysed | Z72: - | AA72: 4A0580_E_MB_S46 | AB72: - | AC72: -
A73: 71 | C73: 4A0433 | D73: Gurpreet Pande | E73: 29 | F73: Female | G73: G000078 | H73: D | I73: Screening | J73: Dr Nadeem | K73: Grade II obesity | M73: - | Q73: 45727 | R73: YES | S73: Done | T73: - | U73: Research | V73: Mibiome | W73: 45947 | X73: 87.23 (13) | Y73: Yes | Z73: - | AA73: 4A0433_T | AB73: - | AC73: -
A74: 72 | C74: 4A0421 | D74: Ragini Awasthi | E74: 38 | F74: Female | G74: R000261 | H74: CON | Q74: 45721 | R74: YES | S74: Done | T74: - | U74: Research | V74: Mibiome | W74: 45947 | X74: 82.04 (12.2) | Y74: Yes | Z74: - | AA74: 4A0421_E_MB_S19 | AB74: - | AC74: -
A75: 73 | C75: 4A0607 | D75: Vijay Taparia | E75: 70 | F75: Male | G75: V000147 | H75: CON | M75: - | Q75: 45777 | R75: YES | S75: Done | T75: - | U75: Research | V75: Mibiome | W75: 45947 | X75: 80.15 (12) | Y75: Not analysed | Z75: - | AA75: 4A0607_T_S13, 4A0607_E_S51 | AB75: - | AC75: -
A76: 74 | C76: 4A0527 | D76: Jyoti Kolambekar | E76: 48 | F76: Female | G76: J000032 | H76: CON | Q76: 45758 | R76: YES | S76: Done | T76: - | U76: Research | V76: Mibiome | W76: 45947 | X76: 81.07 (12.2) | Y76: Yes | Z76: - | AA76: 4A0527_E_MB_S40 | AB76: - | AC76: -
A77: 75 | C77: 4A0603 | D77: Ayesha Khan | E77: 22 | F77: Female | G77: A000378 | H77: CON | N77: grandmother-breast cancer (age 52) | Q77: 45775 | R77: YES | S77: Done | T77: - | U77: Research | V77: Mibiome | W77: 45947 | X77: 77.83 (11.6) | Y77: Yes | Z77: - | AA77: 4A0603_E_MB_S6 | AB77: - | AC77: -
A78: 76 | C78: 4A0440 | D78: Subham Chatterjee | E78: 34 | F78: Male | G78: S000600 | H78: CON | Q78: 45731 | R78: YES | S78: Done | T78: - | U78: Research | V78: Mibiome | W78: 45947 | X78: 85.65 (12.8) | Y78: Yes | Z78: Yes | AA78: 4A0440_E_MB_S25 | AB78: - | AC78: -
A79: 77 | C79: 4A0420 | D79: Pandurang Awasthi | E79: 44 | F79: Male | G79: P000179 | H79: CON | Q79: 45721 | R79: YES | S79: Done | T79: - | U79: Research | V79: Mibiome | W79: 45947 | X79: 87.08 (13) | Y79: Yes | Z79: - | AA79: 4A0420_E_MB_S18 | AB79: - | AC79: -
A80: 78 | C80: 4A0601 | D80: Achyut Gavkhadkar | E80: 32 | F80: Male | G80: A000103 | H80: CON | Q80: 45775 | R80: YES | S80: Done | T80: - | U80: Research | V80: Mibiome | W80: 45947 | X80: 75.74 (11.4) | Y80: Yes | Z80: Yes | AA80: 4A0601_E_MB_S49 | AB80: - | AC80: -
A81: 79 | C81: 4A0431 | D81: Ekta Nitin Waghela | E81: 23 | F81: Female | G81: E000016 | H81: CON | Q81: 45727 | R81: YES | S81: Done | T81: - | U81: Research | V81: Mibiome | W81: 45947 | X81: 80.85 (12.2) | Y81: Yes | Z81: - | AA81: 4A0431_E_MB_S23 | AB81: - | AC81: -
A82: 80 | C82: 4A0430 | D82: Mayuri Khade | E82: 23 | F82: Female | G82: M000211 | H82: CON | Q82: 45727 | R82: YES | S82: Done | T82: - | U82: Research | V82: Mibiome | W82: 45947 | X82: 85.44 (12.8) | Y82: Yes | Z82: - | AA82: 4A0430_E_MB_S22 | AB82: - | AC82: -
A83: 81 | C83: 4A0429 | D83: Meghana Naik | E83: 53 | F83: Female | G83: M000210 | H83: CON | Q83: 45726 | R83: YES | S83: Done | T83: - | U83: Research | V83: Mibiome | W83: 45947 | X83: 80 (12) | Y83: Yes | Z83: - | AA83: 4A0429_E_MB_S21 | AB83: - | AC83: -
A84: 82 | C84: 4A0525 | D84: Veselin Mareshki | E84: 58 | F84: Male | G84: V000141 | H84: CON | Q84: 45758 | R84: YES | S84: Done | T84: - | U84: Research | V84: Mibiome | W84: 45947 | X84: 80.69 (12) | Y84: Yes | Z84: - | AA84: 4A0525_E_MB_S38 | AB84: - | AC84: -
A85: 83 | C85: 4A1136 | D85: Neelam Shinde | E85: 38 | F85: Female | G85: N000009 | H85: CON | Q85: 45897 | R85: YES | S85: Done | T85: - | U85: Report | V85: Mibiome | W85: 45947 | X85: 76.65 (11.4) | Y85: Not analysed | Z85: - | AA85: 4A1136A_T_MB_S26, 4A1136_E_MB_S3 | AB85: - | AC85: -
A86: 84 | C86: 4A0460 | D86: Aparna Menon | E86: 23 | F86: Female | G86: A000359 | H86: CON | Q86: 45743 | R86: YES | S86: Done | T86: - | U86: Research | V86: Mibiome | W86: 45947 | X86: 90.65 (13.6) | Y86: Yes | Z86: - | AA86: 4A0460_E_MB_S31 | AB86: - | AC86: -
A87: 85 | C87: 4A0432 | D87: Dipika Vijay Lokhande | E87: 25 | F87: Female | G87: D000127 | H87: CON | Q87: 45727 | R87: YES | S87: Done | T87: - | U87: Research | V87: Mibiome | W87: 45947 | X87: 81.51 (12.2) | Y87: Yes | Z87: - | AA87: 4A0432_E_MB_S24 | AB87: - | AC87: -
A88: 86 | C88: 4A0576 | D88: Shaima Rifaie | E88: 29 | F88: Female | G88: S000081 | H88: CON | N88: grandmother- stomach (54) | Q88: 45768 | R88: YES | S88: Done | T88: - | U88: Research | V88: Mibiome | W88: 45947 | X88: 95.83 (14.4) | Y88: Not analysed | Z88: - | AA88: 4A0576_E_MB_S45 | AB88: - | AC88: -
A89: 87 | C89: 4A0444 | D89: Sonia Jain | E89: 49 | F89: Female | G89: S000601 | H89: CON | Q89: 45733 | R89: YES | S89: Done | T89: - | U89: Research | V89: Mibiome | W89: 45947 | X89: 73.56 (11) | Y89: Yes | Z89: - | AA89: 4A0444_E_MB_S27 | AB89: - | AC89: -
A90: 88 | C90: 4A1134 | D90: Shaira Khan | E90: 47 | F90: Female | G90: S000724 | H90: CON | Q90: 45897 | R90: YES | S90: Done | T90: - | U90: Research | V90: Mibiome | W90: 45947 | X90: 72.44 (10.8) | Y90: Yes | Z90: - | AA90: 4A1134_E_MB_S2 | AB90: - | AC90: -
A91: 89 | C91: 4A0582 | D91: Dinesh Gurav | E91: 57 | F91: Male | G91: D000002 | H91: CON | M91: Heart disease | Q91: 45769 | R91: YES | S91: Done | T91: - | U91: Research | V91: Mibiome | W91: 45947 | X91: 71.01 (10.6) | Y91: Yes | Z91: - | AA91: 4A0582_E_MB_S48 | AB91: - | AC91: -
A92: 90 | C92: 4A0443 | D92: Manish Jain | E92: 48 | F92: Male | G92: M000212 | H92: CON | Q92: 45733 | R92: YES | S92: Done | T92: - | U92: Research | V92: Mibiome | W92: 45947 | X92: 87.22 (13) | Y92: Yes | Z92: - | AA92: 4A0443_E_MB_S26 | AB92: - | AC92: -
A93: 91 | C93: 4A0428 | D93: Naresh Naik | E93: 55 | F93: Male | G93: N000131 | H93: CON | Q93: 45726 | R93: YES | S93: Done | T93: - | U93: Research | V93: Mibiome | W93: 45947 | X93: 87.39 (13) | Y93: Yes | Z93: - | AA93: 4A0428_E_MB_S20 | AB93: - | AC93: -
A94: 92 | C94: 4A0526 | D94: Ali Lehra | E94: 24 | F94: Male | G94: A000366 | H94: CON | Q94: 45758 | R94: YES | S94: Done | T94: - | U94: Research | V94: Mibiome | W94: 45947 | X94: 80.49 (12) | Y94: Yes | Z94: - | AA94: 4A0526_E_MB_S39 | AB94: - | AC94: -
A95: 93 | C95: 4A0309 | D95: Indrajeet Yadav | E95: 33 | F95: Male | G95: I000021 | H95: CON | Q95: 45694 | R95: YES | S95: Done | T95: - | U95: Research | V95: Mibiome | W95: 45947 | X95: 79.94 (12) | Y95: Yes | Z95: Yes | AA95: 4A0309_E_MB_S7 | AB95: - | AC95: -
A96: 94 | C96: 4A0609 | D96: Tehzeeb Shamji | E96: 23 | F96: Female | G96: T000065 | H96: CON | Q96: 45777 | R96: YES | S96: Done | T96: - | U96: Research | V96: Mibiome | W96: 45947 | X96: 87.53 (13.2) | Y96: Not analysed | Z96: - | AA96: 4A0609_E_S52 | AB96: - | AC96: -
A97: 95 | C97: 4A0602 | D97: Sakshi Kamble | E97: 36 | F97: Female | G97: S000226 | H97: CON | M97: Diabetes | Q97: 45775 | R97: YES | S97: Done | T97: - | U97: Research | V97: Mibiome | W97: 45947 | X97: 83.7 (12.6) | Y97: Not analysed | Z97: - | AA97: 4A0602_E_S50 | AB97: - | AC97: -
A98: 96 | C98: 4A0461 | D98: Shlok Shivkar | E98: 25 | F98: Male | G98: S000605 | H98: CON | Q98: 45743 | R98: YES | S98: Done | T98: - | U98: Research | V98: Mibiome | W98: 45947 | X98: 81.89 (12.2) | Y98: Yes | Z98: - | AA98: 4A0461_E_MB_S32 | AB98: - | AC98: -
A99: 97 | C99: 4A0511 | D99: Shibani Bathija | E99: 57 | F99: Female | G99: S000610 | H99: CON | Q99: 45756 | R99: YES | S99: Done | T99: - | U99: Research | V99: Mibiome | W99: 45947 | X99: 80.51 (12) | Y99: Yes | Z99: - | AA99: 4A0511_E_MB_S36 | AB99: - | AC99: -
A100: 98 | C100: 4A0020 | D100: Percy Daruwalla​ | E100: 78 | F100: Male | G100: P000151 | H100: D | I100: Screening | J100: Dr Nadeem | K100: Diabetes | M100: - | Q100: 45666 | R100: YES | S100: Done | T100: 8 | U100: Research | V100: Haystack | W100: 45685 | X100: 194.52 (29) | Y100: Not analysed | Z100: - | AA100: 4A0020_E_HS | AB100: - | AC100: -
...

Sheet India_lab_(duplicate)
A1: Sr no | B1: AOB ID | C1: SID | D1: Name | E1: Age | F1: Gender | G1: Patient ID | H1: New Case label | I1: Additional | J1: Source | K1: Detail Disease | L1: Organ Type | M1: Comorbidity | N1: Family history | O1: Metastasis | P1: Patient status | Q1: Sample Collection Date | R1: DNA availability | S1: Sequencing | T1: DIN | U1: Research/Report | V1: Sequencing partner (E) | W1: Data received (E) | X1: TMR-E (Gbp) | Y1: Data analysed-E (Som) | Z1: Data analysed-E (Germ) | AA1: Sample leveling | AB1: Analysis | AC1: Report (made/release)
B2: 2022-2025 | AB2: - | AC2: -
A3: 1 | B3: 6 | C3: 6 | D3: Sujay | E3: 50 | F3: Male | G3: NA | H3: CON | N3: - | O3: - | Q3: - | R3: Exhausted | S3: Done | T3: - | U3: Research | V3: Medgenome | W3: - | X3: 122.16 (18.44) | Y3: Yes | Z3: - | AA3: 6b | AB3: - | AC3: -
A4: 2 | B4: 9 | C4: 1A0027 | D4: Jyoti Pujari | E4: 45 | F4: Female | G4: J000019 | H4: CON | M4: - | N4: - | O4: - | Q4: 44698 | R4: Exhausted | S4: Done | T4: - | U4: Research | V4: Medgenome | W4: - | X4: 79.99 (12) | Y4: Yes | Z4: Yes | AA4: 9b | AB4: - | AC4: -
A5: 3 | B5: 11 | C5: 1A0029 | D5: Priya Parsekar | E5: >45 | F5: Female | G5: P000004 | H5: CON | M5: - | N5: - | O5: - | Q5: 44698 | R5: Exhausted | S5: Done | T5: - | U5: Research | V5: Medgenome | W5: - | X5: 81.29 (12.2) | Y5: Yes | Z5: Yes | AA5: 11b, 11d | AB5: - | AC5: -
A6: 4 | B6: 14 | C6: 1A0041 | D6: Neepa dalal | E6: 52 | F6: Female | G6: N000002 | H6: CON | M6: - | N6: Diabetes, Thyroid, Osteoporosis & Parents have diabetes, heart diseases and cancer | O6: - | Q6: 44701 | R6: Exhausted | S6: Done | T6: - | U6: Research | V6: Medgenome | W6: - | X6: 77.41 (11.6) | Y6: Yes | Z6: Yes | AA6: 14b, 14d | AB6: - | AC6: -
A7: 5 | B7: 24 | C7: 1A0061 | D7: Rita Gurwada | E7: 63 | F7: Female | G7: R000005 | H7: CON | M7: - | N7: - | O7: - | Q7: 44711 | R7: Exhausted | S7: Done | T7: 8.4 | U7: Research | V7: Medgenome | W7: - | X7: 59.75 (9) | Y7: Yes | Z7: Yes | AA7: 24b, 24d | AB7: - | AC7: -
A8: 6 | B8: 27 | C8: 1A0154 | D8: Kapil Agarwal | E8: 38 | F8: Male | G8: K000006 | H8: CON | M8: - | N8: T.N Breast Cancer (Mother) | O8: - | Q8: 44770 | R8: Exhausted | S8: Done | T8: 8.4 | U8: Research | V8: Medgenome | W8: - | X8: 56.16 (8.4) | Y8: Yes | Z8: Yes | AA8: 27b | AB8: - | AC8: -
A9: 7 | B9: 32 | C9: 1A0166 | D9: Leela E. Shinde | E9: 62 | F9: Female | G9: L000003 | H9: CON | M9: - | N9: - | O9: - | Q9: 44796 | R9: Exhausted | S9: Done | T9: 8.5 | U9: Research | V9: Medgenome | W9: - | X9: 73.19 (11) | Y9: Yes | Z9: Yes | AA9: 32b, 32d | AB9: - | AC9: -
A10: 8 | B10: 34 | C10: 1A0169 | D10: Nitu Kumari | E10: 35 | F10: Female | G10: N000010 | H10: CON | M10: - | N10: - | O10: - | Q10: 44798 | R10: Exhausted | S10: Done | T10: 8.3 | U10: Research | V10: Medgenome | W10: - | X10: 66.55 (10) | Y10: Yes | Z10: Yes | AA10: 34b, 34d | AB10: - | AC10: -
A11: 9 | B11: 36 | C11: 1A0168 | D11: Pramod Shinde | E11: 37 | F11: Male | G11: P000015 | H11: CON | M11: - | N11: Cancer-Family History | O11: - | Q11: 44796 | R11: Exhausted | S11: Done | T11: 8.6 | U11: Research | V11: Medgenome | W11: - | X11: 59.43 (8.8) | Y11: Yes | Z11: Yes | AA11: 36b | AB11: - | AC11: -
A12: 10 | B12: 37 | C12: 1A0159 | D12: Satish Shukla | E12: 35 | F12: Male | G12: S000040 | H12: CON | M12: - | N12: - | O12: - | Q12: 44781 | R12: Exhausted | S12: Done | T12: 8.2 | U12: Research | V12: Medgenome | W12: - | X12: 73.78 (11) | Y12: Yes | Z12: - | AA12: 37b | AB12: - | AC12: -
A13: 11 | B13: 38 | C13: 1A0155 | D13: Rohit Kachroo | E13: 50 | F13: Male | G13: R000010 | H13: CON | M13: - | N13: - | O13: - | Q13: - | R13: Exhausted | S13: Done | T13: 9.6 | U13: Research | V13: Medgenome | W13: - | X13: 75.18 (11.2) | Y13: Yes | Z13: Yes | AA13: 38b, 38d | AB13: - | AC13: -
A14: 12 | B14: 43 | C14: 1A0347 | D14: V Krishnan | E14: 52 | F14: Male | G14: K000017 | H14: CON | I14: Elevated PSA | M14: PSA high | N14: - | O14: - | Q14: - | R14: Exhausted | S14: Done | T14: 8.3 | U14: Report | V14: Medgenome | W14: - | X14: 72.92 (11) | Y14: Yes | Z14: Yes | AA14: 43b, 43d | AB14: - | AC14: -
A15: 13 | B15: 44 | C15: 1A0348 | D15: Aparna | E15: 55 | F15: Female | G15: A000045 | H15: CON | N15: - | O15: - | Q15: 44875 | R15: Exhausted | S15: Done | T15: 8.3 | U15: Research | V15: Medgenome | W15: - | X15: 53.31 (8) | Y15: Yes | Z15: Yes | AA15: 44b, 44d | AB15: - | AC15: -
A16: 14 | B16: 56 | C16: 1A0458 | D16: Gunjan Bajpai | E16: 42 | F16: Female | G16: G000012 | H16: CON | M16: - | N16: Diabetes | O16: - | Q16: 44905 | R16: YES | S16: Done | T16: 8.5 | U16: Research | V16: Medgenome | W16: - | X16: 39.11 (5.8) | Y16: Yes | Z16: Yes | AA16: 56b, 56d_R | AB16: - | AC16: -
A17: 15 | B17: 57 | C17: 1A0459 | D17: Amit Bajpai | E17: 47 | F17: Male | G17: A000054 | H17: CON | M17: - | N17: Diabetes | O17: - | Q17: 44905 | R17: YES | S17: Done | T17: 8.6 | U17: Research | V17: Medgenome | W17: - | X17: 87.84 (13.2) | Y17: Yes | Z17: Yes | AA17: 57b, 57d_R | AB17: - | AC17: -
A18: 16 | B18: 77 | C18: 2A0027 | D18: Meena Sawant | E18: 57 | F18: Female | G18: M000034 | H18: CON | M18: - | N18: - | O18: - | Q18: 44933 | R18: YES | S18: Done | T18: 8.8 | U18: Research | V18: Medgenome | W18: - | X18: 56.56 (8.4) | Y18: Yes | Z18: Yes | AA18: 77b, 77d | AB18: - | AC18: -
A19: 17 | B19: 91 | C19: 2A0087 | D19: Dr G. S. Toteja | E19: 64 | F19: Male | G19: T000013 | H19: CON | M19: - | N19: - | O19: - | Q19: 44942 | R19: YES | S19: Done | T19: 8.2 | U19: Research | V19: Medgenome | W19: - | X19: 103.48 () | Y19: Yes | Z19: Yes | AA19: 91b, 91d | AB19: - | AC19: -
A20: 18 | B20: 136 | C20: 2A0440 | D20: Neha Ajay Hirlekar | E20: 39 | F20: Female | G20: N000044 | H20: CON | M20: - | N20: Her Grandfather (mother side), Uncle (mother side) | O20: - | Q20: 0 | R20: YES | S20: Done | T20: - | U20: Research | V20: Medgenome | W20: 45076 | X20: 79.14 (11.8) | Y20: Yes | Z20: - | AA20: 136d/148d | AB20: - | AC20: -
A21: 19 | B21: 89 | C21: 2A0057 | D21: Amruta Ghag | E21: 62 | F21: Female | G21: A000062 | H21: CON | M21: - | N21: Diabetes and HTN; Mother- colon cancer; Brother-pancreas | O21: - | Q21: 44936 | R21: YES | S21: Done | T21: 8.3 | U21: Research | V21: Medgenome | W21: 45076 | X21: 68.68 (10.2) | Y21: Yes | Z21: Yes | AA21: - | AB21: - | AC21: -
A22: 20 | B22: 161 | C22: 2A0760 | D22: Radhika Radia | E22: 46 | F22: Female | G22: R000022 | H22: CON | M22: - | N22: Brother- Prostate Cancer | O22: - | Q22: 45145 | R22: YES | S22: Done | T22: 8.5 | U22: Research | V22: Medgenome | W22: 45169 | X22: 59.6 (8.8) | Y22: Yes | Z22: Yes | AA22: 161b, 161d | AB22: Yes | AC22: Released
A23: 21 | B23: 166 | C23: 2A1063 | D23: Ravikant Ruia | E23: 74 | F23: Male | G23: R000075 | H23: Benign | I23: Screening | K23: Male Reproductive Organ (Prostate, BPH), Multiple benign cystic lesions | L23: Prostate | M23: Adenomatous prostate hyperplasia with multiple benign cystic lesions | N23: Clinical history of patient - Adenomatous prostate hyperplasia with multiple benign cystic lesions (MRI, dated 23/1/218) and benign prostate hyperplasia (MRI, dated 14/9/219); Serum PSA: 1.16 ng/mL, dated 11/11/223; Serum cancer marker: AFP-α, CA15.3, CA19.9, CEA & Thyroglobulin (All in normal range), dated 11/11/223; On hormone therapy: past 2-3 years. Family history of cancer - Brother: Lung Cancer, Sister: Myelodysplastic syndrome, Sister: Cancer (type not provided)._x000D_ | O23: - | Q23: 45241 | R23: YES | S23: Done | T23: 8.5 | U23: Report | V23: Medgenome | W23: 45265 | X23: 61.67 (9.2) | Y23: Yes | Z23: Yes | AA23: 166b, 166d | AB23: Yes | AC23: Released
A24: 22 | B24: 167 | C24: 2A1100 | D24: Madhu Ruia | E24: 68 | F24: Female | G24: M000094 | H24: Benign | K24: Hepatobilliary System (Liver, Hemangioma) | L24: Liver | M24: - | N24: Clinical history of patient - Hemangioma in liver (Report not provided). On hormone therapy (Estrogen/Progesterone). Cancer serum marker done (Report not provided). Tonsillectomy at the age of 11/12 years. | O24: - | Q24: 45253 | R24: YES | S24: Done | T24: 8.9 | U24: Report | V24: Medgenome | W24: 45280 | X24: 78.99 (11.8) | Y24: Yes | Z24: Yes | AA24: 167b, 167d | AB24: - | AC24: -
A25: 23 | B25: 163 | C25: 2A0810 | D25: Bhavna Roy | E25: 56 | F25: Female | G25: B000032 | H25: CON | M25: - | N25: - | O25: - | Q25: 45161 | R25: YES | S25: Done | T25: 9.1 | U25: Research | V25: Medgenome | W25: 45183 | X25: 57.19 (8.6) | Y25: Yes | Z25: Yes | AA25: 163b, 163d | AB25: - | AC25: -
A26: 24 | B26: 189 | C26: 3A0326 | D26: Kavita Nalawade | E26: 25 | F26: Female | G26: K000010 | H26: CON | M26: - | N26: Father- cancer | O26: - | Q26: 45357 | R26: YES | S26: Done | T26: 8.9 (100X) | U26: Research | V26: Medgenome | W26: 45398 | X26: 61.28 (9.2) | Y26: Yes | Z26: - | AA26: 189b, 189d | AB26: Yes | AC26: Released
A27: 25 | B27: 19 | C27: 3A0350 | D27: Dheeraj Ahluwalia | E27: 56 | F27: Male | G27: D000071 | H27: Benign | I27: Enlarged prostate | M27: Diabetes, cholesterol, enlarged prostate | N27: Family history of cancer: Father - Brain cancer at 79 Years, Paternal Grandfather - Blood cancer at 78 Years; Other health conditions (Current Medications): Elevated cholesterol (Lipitor), Diabetes (Linagliptin, Empagliflozin, Glucophage XR), Enlarged prostrate (Tamsulosin Hydrochloride) | O27: - | Q27: 45369 | R27: YES | S27: Done | T27: 9.2 (250X) | U27: Report | V27: Medgenome | W27: 45411 | X27: 62.6 (9.4) | Y27: Yes | Z27: Yes | AA27: 190b, 190d | AB27: Yes | AC27: Released
A28: 26 | B28: 192 | C28: 3A0454 | D28: Mehar Bajaj | E28: 27 | F28: Female | G28: M000132 | H28: CON | M28: - | N28: Clinical history of patient: No relevant clinical history of concern. Family history of cancer: Maternal Grandfather - Lung cancer at age of 7 years, Maternal great grandfather and great grandmother - Ear cancer | O28: - | Q28: 45390 | R28: YES | S28: Done | T28: 8.7 (250X) | U28: Report | V28: Medgenome | W28: 45427 | X28: 156.79 (23.6) | Y28: Yes | Z28: Yes | AA28: 192b, 192d | AB28: - | AC28: -
A29: 27 | B29: 21 | C29: 3A0631 | D29: Nirali Gurwada | E29: 40 | F29: Female | G29: N000092 | H29: CON | M29: - | N29: - | O29: - | Q29: 45454 | R29: YES | S29: Done | T29: 8.2 (250X) | U29: Report | V29: Medgenome | W29: 45482 | X29: 193.85 (29.2) | Y29: Yes | Z29: Yes | AA29: 201b, 201d | AB29: Yes | AC29: Released
A30: 28 | B30: 24 | C30: 3A0700 | D30: Vijay Shah | E30: 67 | F30: Male | G30: V000001 | H30: CON | M30: Diabetes, hypertension | N30: Clinical history of patient • Diabetes and high BP in the last 1 year: On Rx drug for 4 months, now stopped. • Sudden transient rise in BP in working hours 4 months back, high CPK MB levels: 2 U/I in blood dated 17th Apr 224, HS troponin 1 level is in normal range dated 17th Apr 224 • Smoking since last 1 years: 2-3 per day and occasional drinking (stopped from the last 2 months) • Supplements: - Formula 1 from HERBALIFE - Personalised Protein powder, shakes, nutritional supplements, cell activator tablets (Antioxidant/ Alpha-lipoic acid tablet) as a meal replacement; Probiotics (Bacillus Coagulans) for gut health; XAR- XAP 2 times a day daily Family history of cancer • NA | O30: - | Q30: 45472 | R30: YES | S30: Done | T30: 8.6 (100X) | U30: Report | V30: Medgenome | W30: 45510 | X30: 69.62 (10.4) | Y30: Yes | Z30: Yes | AA30: 204b, 204d | AB30: - | AC30: -
A31: 29 | B31: 25 | C31: 3A0723 | D31: Shweta Devendra | E31: 26 | F31: Female | G31: S000411 | H31: CON | M31: - | N31: - | O31: - | Q31: 45478 | R31: YES | S31: Done | T31: 8.4 (100X) | U31: Research | V31: Medgenome | W31: 45516 | X31: 80.46 (12) | Y31: Yes | Z31: Yes | AA31: 205b, 205d | AB31: Yes | AC31: Released
A32: 30 | B32: 29 | C32: 3A0753 | D32: Shailesh HariBhakti | E32: 68 | F32: Male | G32: S000221 | H32: CON | M32: Diabetes, Heart disease | N32: Clinical History  Bypass surgery in 24, pacemaker in 222, both eyes cataract surgery  Diabetes-taking insulin (dose was titrating based on sugar level)  XAR-XAP for last 5 years (dose: during covid 3 times each/day, now once/day); Nova rapid bulds; Shelcal 5; Galvin met 5/5; Rozuvas cv Seloken XL 12.5 mg Family history of cancer  Mother- diabetes, cardiovascular problem | O32: - | Q32: 45484 | R32: YES | S32: Done | T32: 7.9 (250X) | U32: Report | V32: Medgenome | W32: 45511 | X32: 160.7 (24.2) | Y32: Yes | Z32: Yes | AA32: 209b, 209d | AB32: Yes | AC32: Released
A33: 31 | B33: 213 | C33: 3A0819 | D33: Niteen Tulpule | E33: 50 | F33: Male | G33: N000101 | H33: CON | M33: Hypertension | Q33: 45496 | R33: YES | S33: Done | T33: 8.4 (250X) | U33: Report | V33: Medgenome | W33: 45561 | X33: 132.77 (20) | Y33: Yes | Z33: Yes | AA33: 213b, 213d | AB33: - | AC33: -
A34: 32 | B34: 249 | C34: 3A1093 | D34: Kavita Singh | E34: 59 | F34: Female | G34: K000101 | H34: D | J34: Dr Nadeem | M34: - | Q34: 45587 | R34: YES | S34: Done | T34: 8.6 | U34: Report | V34: Medgenome | W34: 45624 | X34: 69.64 (10.4) | Y34: Yes | Z34: Yes | AA34: 249b, 249d | AB34: Yes | AC34: Released
A35: 33 | B35: 276 | C35: 3A1167 | D35: Mahesh Agrawal | E35: 73 | F35: Male | G35: M000008 | H35: Benign | K35: Male Reproductive Organ (Benign Prostate Hyperplasia), exophytic cyst in the upper pole of left kidney | L35: Prostate, kidney | M35: Hypothyroidism | Q35: 45610 | R35: YES | S35: Done | T35: - | U35: Paid Report | V35: Medgenome | W35: 45690 | X35: 155.86 (23.4) | Y35: Yes | Z35: Yes | AA35: 276b, 276d | AB35: - | AC35: -
A36: 34 | B36: 31 | C36: 3A1248 | D36: Ashish Gupta | E36: 26 | F36: Male | G36: A000300 | H36: D | J36: Dr Nadeem | M36: Diabetes | Q36: 45624 | R36: YES | S36: Done | T36: 9.1 | U36: Research | V36: Medgenome | W36: 45677 | X36: 79.48 (12) | Y36: Yes | Z36: Yes | AA36: 301b, 301d | AB36: Yes | AC36: Released
A37: 35 | B37: 322 | C37: 3A1288 | D37: Shiv Nayak | E37: 64 | F37: Male | G37: S000506 | H37: CON | M37: - | Q37: 45635 | R37: YES | S37: Done | T37: 7.9 | U37: Report | V37: Medgenome | W37: 45677 | X37: 63.6 (9.6) | Y37: Yes | Z37: Yes | AA37: 322b, 322d | AB37: Yes | AC37: Released
A38: 36 | B38: 359 | C38: 3A1342 | D38: Komal Dharmani | E38: 44 | F38: Female | G38: K000114 | H38: Benign | K38: Female Reproductive Organ (Endometriosis and Uterine Fibroids) | L38: Endometriosis and Uterine Fibroids | M38: Endometriosis, fibroid surgery in 2019 | Q38: 45645 | R38: YES | S38: Done | T38: 7.7 | U38: Report | V38: Medgenome | W38: 45692 | X38: 76.31 (11.4) | Y38: Yes | Z38: Yes | AA38: 359b, 359d | AB38: Yes | AC38: Released
A39: 37 | B39: 36 | C39: 3A1343 | D39: Lalit Dharmani | E39: 49 | F39: Male | G39: L000039 | H39: CON | M39: - | Q39: 45645 | R39: YES | S39: Done | T39: 8.2 | U39: Report | V39: Medgenome | W39: 45692 | X39: 66.55 (10) | Y39: Yes | Z39: Yes | AA39: 360b, 360d | AB39: - | AC39: -
A40: 38 | C40: 4A0414 | D40: Arun Madhu | E40: 40 | F40: Male | G40: A000355 | H40: CON | M40: Bradycardia, Sleep apnoea | Q40: 45717 | R40: YES | S40: Done | T40: - | U40: Research | V40: MiBiome | W40: 45832 | X40: 66.84 (10) | Y40: Yes | Z40: - | AA40: 4A0414 | AB40: - | AC40: -
A41: 39 | C41: 4A0415 | D41: Nipa Sheth | E41: 55 | F41: Female | G41: N000008 | H41: CON | M41: - | Q41: 45719 | R41: YES | S41: Done | T41: - | U41: Research | V41: MiBiome | W41: 45832 | X41: 76.71 (11.4) | Y41: Yes | Z41: - | AA41: 4A0415 | AB41: - | AC41: -
A42: 40 | C42: 4A0416 | D42: Beerud Sheth | E42: 54 | F42: Male | G42: B000094 | H42: CON | M42: - | Q42: 45719 | R42: YES | S42: Done | T42: - | U42: Research | V42: MiBiome | W42: 45832 | X42: 66.47 (10) | Y42: Yes | Z42: - | AA42: 4A0416 | AB42: - | AC42: -
A43: 41 | B43: 399 | C43: 3A1358 | D43: Ashish Tripathi Junior | E43: 50 | F43: Male | G43: A000356 | H43: CON | I43: Benign?? | M43: - | Q43: 45657 | R43: YES | S43: Done | T43: - | U43: Research | V43: MiBiome | W43: 45832 | X43: 66.79 (10) | Y43: Yes | Z43: - | AA43: 399d | AB43: Yes | AC43: Released
A44: 42 | B44: 243 | C44: 3A1081 | D44: S. S. Bhandari | E44: 77 | F44: Male | G44: S000206 | H44: CON | M44: - | Q44: 45584 | R44: YES | S44: Done | T44: - | U44: Research | V44: MiBiome | W44: 45832 | X44: 66.44 (10) | Y44: Yes | Z44: - | AA44: 243d | AB44: - | AC44: -
A45: 43 | C45: 4A0451 | D45: Venus Khanna | E45: 55 | F45: Female | G45: V000138 | H45: CON | M45: Pre-diabetes | Q45: 45740 | R45: YES | S45: Done | T45: - | U45: Research | V45: MiBiome | W45: 45832 | X45: 76.42 (11.4) | Y45: Yes | Z45: - | AA45: 4A0451_T | AB45: - | AC45: -
A46: 44 | C46: 4A0452 | D46: Manish Khanna | E46: 57 | F46: Male | G46: M000213 | H46: CON | M46: Hypertension (Mild) | Q46: 45740 | R46: YES | S46: Done | T46: - | U46: Research | V46: MiBiome | W46: 45832 | X46: 67.10 (10) | Y46: Yes | Z46: - | AA46: 4A0452_T | AB46: - | AC46: -
A47: 45 | C47: 4A0459 | D47: Mohit Lalvani | E47: 58 | F47: Male | G47: M000214 | H47: CON | M47: Hypertension | Q47: 45743 | R47: YES | S47: Done | T47: - | U47: Research | V47: MiBiome | W47: 45832 | X47: 66.48 (10) | Y47: Yes | Z47: - | AA47: 4A0459_T | AB47: - | AC47: -
A48: 46 | B48: 158 | C48: 4A0492 | D48: Samrat Patil | E48: 18 | F48: Male | G48: S000607 | H48: CON | M48: - | Q48: 45750 | R48: YES | S48: Done | T48: - | U48: Report/Research | V48: MiBiome | W48: 45832 | X48: 74.77 (11.2) | Y48: Yes | Z48: - | AA48: 00158_S39, 4A0492_E_MB_S26 | AB48: - | AC48: -
A49: 47 | C49: 4A0608 | D49: Chhaya Saini | E49: 31 | F49: Female | G49: C000007 | H49: CON | M49: - | Q49: 45777 | R49: YES | S49: Done | T49: - | U49: Report/Research | V49: MiBiome | W49: 45832 | X49: 95.260822 (66.74 (10) | Y49: Yes | Z49: - | AA49: 4A0608_T_S14, 4A0608_E_MB_S29 | AB49: - | AC49: -
A50: 48 | C50: 4A0652 | D50: Sunanda Kadam | E50: 76 | F50: Female | G50: S000645 | H50: Benign | K50: Soft Tissue (Pilar Cyst), Lesion on scalp | L50: Pilar Cyst | M50: Diabetes, Hypertension | Q50: 45794 | R50: YES | S50: Done | T50: - | U50: Report/Research | V50: MiBiome | W50: 45832 | X50: 75.94 (11.4) | Y50: Yes | Z50: - | AA50: 4A0652_T_MB_S57, 4A0652_E_MB_S30 | AB50: - | AC50: -
A51: 49 | C51: 4A0725 | D51: Suryakant Dabilkar | E51: 73 | F51: Male | G51: S000654 | H51: COT | K51: Hepatobilliary System (Pancreas, Ampulary Carcinoma) | L51: Pancreas cancer | M51: Hypertension, Chronic liver disease | Q51: 45814 | R51: YES | S51: Done | T51: - | U51: Report/Research | V51: MiBiome | W51: 45832 | X51: 66.22 (9.8) | Y51: Yes | Z51: - | AA51: 4A0725_T_MB_S43, 4A0725_E_MB_S32 | AB51: - | AC51: -
A52: 50 | C52: 4A0030 | D52: Laxmi Buchiya | E52: 48 | F52: Female | G52: L000041 | H52: CON | M52: - | Q52: 45666 | R52: YES | S52: Done | T52: - | U52: Research | V52: MiBiome | W52: 45889 | X52: 85.19 (12.8) | Y52: Yes | Z52: Yes | AA52: 4A0030_T_MB_S8, 4A0030_E_MB_S33 | AB52: - | AC52: -
A53: 51 | C53: 4A0122 | D53: Shubhangi Gole | E53: 30 | F53: Female | G53: S000545 | H53: CON | M53: - | Q53: 45672 | R53: YES | S53: Done | T53: - | U53: Research | V53: MiBiome | W53: 45889 | X53: 93.21 (14) | Y53: Yes | Z53: Yes | AA53: 4A0122_T_MB_S9, 4A0122_E_MB_S34 | AB53: - | AC53: -
A54: 52 | C54: 4A0128 | D54: Ramanlal Wagh | E54: 56 | F54: Male | G54: R000236 | H54: CON | M54: Hypertension | Q54: 45672 | R54: YES | S54: Done | T54: - | U54: Research | V54: MiBiome | W54: 45889 | X54: 78.74 (11.8) | Y54: Yes | Z54: Yes | AA54: 4A0128_T_MB_S10, 4A0128_E_MB_S35 | AB54: - | AC54: -
A55: 53 | B55: 4A916A | C55: 4A0916 | D55: Arslam Goni | E55: 40 | F55: Male | G55: A000408 | H55: CON | M55: Hypertension | Q55: 45846 | R55: YES | S55: Done | T55: - | U55: Research | V55: MiBiome | W55: 45889 | X55: 97.1 (14.6) | Y55: Yes | Z55: Yes | AA55: 4A0916A_T_MB_S12 | AB55: - | AC55: -
A56: 54 | C56: 4A1001 | D56: Shivam Singh | E56: 33 | F56: Male | G56: S000699 | H56: Benign | M56: Lump in neck | Q56: 45868 | R56: YES | S56: Done | T56: - | U56: Report/Research | V56: MiBiome | W56: 45889 | X56: 86.38 (13) | Y56: Yes | Z56: Yes | AA56: 4A1001_T, 4A1001_E_MB_S40 | AB56: - | AC56: -
A57: 55 | C57: 4A1015 | D57: Rakesh Surana | E57: 49 | F57: Male | G57: R000308 | H57: CON | M57: Hypertension | Q57: 45871 | R57: YES | S57: Done | T57: - | U57: Research | V57: MiBiome | W57: 45889 | X57: 86.93 (13) | Y57: Yes | Z57: Yes | AA57: 4A1015_T, 4A1015_E_MB_S42 | AB57: - | AC57: -
A58: 56 | C58: 4A1022 | D58: Shivani Bhardwaj | E58: 42 | F58: Female | G58: S000704 | H58: CON | M58: - | Q58: 45873 | R58: YES | S58: Done | T58: - | U58: Report/Research | V58: MiBiome | W58: 45889 | X58: 97.92 (14.6) | Y58: Yes | Z58: Yes | AA58: 4A1022_T, 4A1022_E_MB_S43 | AB58: - | AC58: -
A59: 57 | C59: 4A1023 | D59: Sandeep Bhardwaj | E59: 45 | F59: Male | G59: S000705 | H59: CON | M59: - | Q59: 45873 | R59: YES | S59: Done | T59: - | U59: Report/Research | V59: MiBiome | W59: 45889 | X59: 89.45 (13.4) | Y59: Yes | Z59: Yes | AA59: 4A1023_T, 4A1023_E_MB_S44 | AB59: - | AC59: -
A60: 58 | C60: 4A0963 | D60: Nanda Gawade | E60: 60 | F60: Female | G60: N000154 | H60: CON | I60: Under Evaluation | M60: Mouth ulcer since a month Acute infection, such as cold, cough, fever (viral infection) | Q60: 45862 | R60: YES | S60: Done | T60: - | U60: Research | V60: MiBiome | W60: 45918 | X60: 72.93 (11) | Y60: Not analysed | Z60: - | AA60: 4A0963_E_MB_S54 | AB60: - | AC60: -
A61: 59 | C61: 4A1113 | D61: Nutan Dhuri | E61: 44 | F61: Female | G61: N000159 | H61: CON | Q61: 45891 | R61: YES | S61: Done | T61: - | U61: Research | V61: MiBiome | W61: 45933 | X61: 92.53 (13.8) | Y61: Yes | Z61: Yes | AA61: 4A1113_E_MB_S38 | AB61: - | AC61: -
A62: 60 | C62: 4A1114 | D62: Gaurangi Dhuri | E62: 22 | F62: Female | G62: G000097 | H62: CON | Q62: 45891 | R62: YES | S62: Done | T62: - | U62: Research | V62: MiBiome | W62: 45933 | X62: 84.41 (12.6) | Y62: Yes | Z62: Yes | AA62: 4A1114_E_MB_S39 | AB62: - | AC62: -
A63: 61 | C63: 4A1115 | D63: Dattaram Dhuri | E63: 51 | F63: Male | G63: D000148 | H63: CON | Q63: 45891 | R63: YES | S63: Done | T63: - | U63: Research | V63: MiBiome | W63: 45933 | X63: 85.29 (12.8) | Y63: Yes | Z63: Yes | AA63: 4A1115_E_MB_S40 | AB63: - | AC63: -
A64: 62 | C64: 4A0425 | D64: Mallika Dahiya | E64: 28 | F64: Female | G64: M000209 | H64: D | J64: Dr Nadeem | M64: - | Q64: 45723 | R64: YES | S64: Done | T64: - | U64: Research | V64: MiBiome | W64: 45933 | X64: 97.37 (14.6) | Y64: Yes | Z64: Yes | AA64: 4A0425_T, 4A0425_E_MB_S11 | AB64: - | AC64: -
A65: 63 | C65: 4A0468 | D65: Ruhi Baig | E65: 43 | F65: Female | G65: R000264 | H65: D | J65: Dr Nadeem | Q65: 45744 | R65: YES | S65: Done | T65: - | U65: Research | V65: MiBiome | W65: 45933 | X65: 100.56 (15) | Y65: Yes | Z65: Yes | AA65: 4A0468_E_MB_S24 | AB65: - | AC65: -
A66: 64 | B66: 43 | C66: 3A1259 | D66: Sangita Chavan | E66: 37 | F66: Female | G66: S000502 | H66: CON | J66: Spec Lab | Q66: 45625 | R66: YES | S66: Done | T66: - | U66: Research | V66: MiBiome | W66: 45933 | X66: 95.02 (14.2) | Y66: Yes | Z66: Yes | AA66: 403b_MB_S42 | AB66: - | AC66: -
A67: 65 | B67: 48 | C67: 3A1356 | D67: Minakshi Paygude | E67: 57 | F67: Female | G67: M000181 | H67: CON | J67: Spec Lab | Q67: 45653 | R67: YES | S67: Done | T67: - | U67: Research | V67: MiBiome | W67: 45933 | X67: 95.56 (14.4) | Y67: Yes | Z67: Yes | AA67: 408b_MB_S48 | AB67: - | AC67: -
A68: 66 | C68: 4A0671 | D68: Mangesh Mahadik | E68: 45 | F68: Male | G68: M000001 | H68: CON | Q68: 45799 | R68: YES | S68: Done | T68: - | U68: Research | V68: MiBiome | W68: 45933 | X68: 87.52 (13.2) | Y68: Yes | Z68: Yes | AA68: 4A0671_E_MB_S37 | AB68: - | AC68: -
A69: 67 | C69: 4A0873 | D69: Ryan Patel | E69: 20 | F69: Male | G69: R000297 | H69: D | J69: Dr Nadeem | Q69: 45838 | R69: YES | S69: Done | T69: - | U69: Research | V69: MiBiome | W69: 45918 | X69: 74.56 (11.2) | Y69: Not analysed | Z69: - | AA69: 4A0873_T_MB_S7, 4A0873_E_MB_S48 | AB69: - | AC69: -
A70: 68 | C70: 4A0918 | D70: Zainab Patel | E70: 46 | F70: Female | G70: Z000010 | H70: D | J70: Dr Nadeem | Q70: 45846 | R70: YES | S70: Done | T70: - | U70: Research | V70: MiBiome | W70: 45918 | X70: 78.37 (11.8) | Y70: Not analysed | Z70: - | AA70: 4A0918_T_MB_S9, 4A0918_E_MB_S51 | AB70: - | AC70: -
A71: 69 | C71: 4A0935 | D71: Shabina Patel | E71: 46 | F71: Female | G71: S000690 | H71: D | J71: Dr Nadeem | Q71: 45854 | R71: YES | S71: Done | T71: - | U71: Research | V71: MiBiome | W71: 45918 | X71: 60.96 (9.2) | Y71: Not analysed | Z71: - | AA71: 4A0935_T_MB_S11, 4A0935_E_MB_S53 | AB71: - | AC71: -
A72: 70 | C72: 4A0580 | D72: Shivani Tripathi | E72: 49 | F72: Female | G72: S000017 | H72: CON | Q72: 45769 | R72: YES | S72: Done | T72: - | U72: Research | V72: Mibiome | W72: 45947 | X72: 82.52 (12.4) | Y72: Not analysed | Z72: - | AA72: 4A0580_E_MB_S46 | AB72: - | AC72: -
A73: 71 | C73: 4A0433 | D73: Gurpreet Pande | E73: 29 | F73: Female | G73: G000078 | H73: D | I73: Screening | J73: Dr Nadeem | K73: Grade II obesity | M73: - | Q73: 45727 | R73: YES | S73: Done | T73: - | U73: Research | V73: Mibiome | W73: 45947 | X73: 87.23 (13) | Y73: Yes | Z73: - | AA73: 4A0433_T | AB73: - | AC73: -
A74: 72 | C74: 4A0421 | D74: Ragini Awasthi | E74: 38 | F74: Female | G74: R000261 | H74: CON | Q74: 45721 | R74: YES | S74: Done | T74: - | U74: Research | V74: Mibiome | W74: 45947 | X74: 82.04 (12.2) | Y74: Yes | Z74: - | AA74: 4A0421_E_MB_S19 | AB74: - | AC74: -
A75: 73 | C75: 4A0607 | D75: Vijay Taparia | E75: 70 | F75: Male | G75: V000147 | H75: CON | M75: - | Q75: 45777 | R75: YES | S75: Done | T75: - | U75: Research | V75: Mibiome | W75: 45947 | X75: 80.15 (12) | Y75: Not analysed | Z75: - | AA75: 4A0607_T_S13, 4A0607_E_S51 | AB75: - | AC75: -
A76: 74 | C76: 4A0527 | D76: Jyoti Kolambekar | E76: 48 | F76: Female | G76: J000032 | H76: CON | Q76: 45758 | R76: YES | S76: Done | T76: - | U76: Research | V76: Mibiome | W76: 45947 | X76: 81.07 (12.2) | Y76: Yes | Z76: - | AA76: 4A0527_E_MB_S40 | AB76: - | AC76: -
A77: 75 | C77: 4A0603 | D77: Ayesha Khan | E77: 22 | F77: Female | G77: A000378 | H77: CON | N77: grandmother-breast cancer (age 52) | Q77: 45775 | R77: YES | S77: Done | T77: - | U77: Research | V77: Mibiome | W77: 45947 | X77: 77.83 (11.6) | Y77: Yes | Z77: - | AA77: 4A0603_E_MB_S6 | AB77: - | AC77: -
A78: 76 | C78: 4A0440 | D78: Subham Chatterjee | E78: 34 | F78: Male | G78: S000600 | H78: CON | Q78: 45731 | R78: YES | S78: Done | T78: - | U78: Research | V78: Mibiome | W78: 45947 | X78: 85.65 (12.8) | Y78: Yes | Z78: Yes | AA78: 4A0440_E_MB_S25 | AB78: - | AC78: -
A79: 77 | C79: 4A0420 | D79: Pandurang Awasthi | E79: 44 | F79: Male | G79: P000179 | H79: CON | Q79: 45721 | R79: YES | S79: Done | T79: - | U79: Research | V79: Mibiome | W79: 45947 | X79: 87.08 (13) | Y79: Yes | Z79: - | AA79: 4A0420_E_MB_S18 | AB79: - | AC79: -
A80: 78 | C80: 4A0601 | D80: Achyut Gavkhadkar | E80: 32 | F80: Male | G80: A000103 | H80: CON | Q80: 45775 | R80: YES | S80: Done | T80: - | U80: Research | V80: Mibiome | W80: 45947 | X80: 75.74 (11.4) | Y80: Yes | Z80: Yes | AA80: 4A0601_E_MB_S49 | AB80: - | AC80: -
A81: 79 | C81: 4A0431 | D81: Ekta Nitin Waghela | E81: 23 | F81: Female | G81: E000016 | H81: CON | Q81: 45727 | R81: YES | S81: Done | T81: - | U81: Research | V81: Mibiome | W81: 45947 | X81: 80.85 (12.2) | Y81: Yes | Z81: - | AA81: 4A0431_E_MB_S23 | AB81: - | AC81: -
A82: 80 | C82: 4A0430 | D82: Mayuri Khade | E82: 23 | F82: Female | G82: M000211 | H82: CON | Q82: 45727 | R82: YES | S82: Done | T82: - | U82: Research | V82: Mibiome | W82: 45947 | X82: 85.44 (12.8) | Y82: Yes | Z82: - | AA82: 4A0430_E_MB_S22 | AB82: - | AC82: -
A83: 81 | C83: 4A0429 | D83: Meghana Naik | E83: 53 | F83: Female | G83: M000210 | H83: CON | Q83: 45726 | R83: YES | S83: Done | T83: - | U83: Research | V83: Mibiome | W83: 45947 | X83: 80 (12) | Y83: Yes | Z83: - | AA83: 4A0429_E_MB_S21 | AB83: - | AC83: -
A84: 82 | C84: 4A0525 | D84: Veselin Mareshki | E84: 58 | F84: Male | G84: V000141 | H84: CON | Q84: 45758 | R84: YES | S84: Done | T84: - | U84: Research | V84: Mibiome | W84: 45947 | X84: 80.69 (12) | Y84: Yes | Z84: - | AA84: 4A0525_E_MB_S38 | AB84: - | AC84: -
A85: 83 | C85: 4A1136 | D85: Neelam Shinde | E85: 38 | F85: Female | G85: N000009 | H85: CON | Q85: 45897 | R85: YES | S85: Done | T85: - | U85: Report | V85: Mibiome | W85: 45947 | X85: 76.65 (11.4) | Y85: Not analysed | Z85: - | AA85: 4A1136A_T_MB_S26, 4A1136_E_MB_S3 | AB85: - | AC85: -
A86: 84 | C86: 4A0460 | D86: Aparna Menon | E86: 23 | F86: Female | G86: A000359 | H86: CON | Q86: 45743 | R86: YES | S86: Done | T86: - | U86: Research | V86: Mibiome | W86: 45947 | X86: 90.65 (13.6) | Y86: Yes | Z86: - | AA86: 4A0460_E_MB_S31 | AB86: - | AC86: -
A87: 85 | C87: 4A0432 | D87: Dipika Vijay Lokhande | E87: 25 | F87: Female | G87: D000127 | H87: CON | Q87: 45727 | R87: YES | S87: Done | T87: - | U87: Research | V87: Mibiome | W87: 45947 | X87: 81.51 (12.2) | Y87: Yes | Z87: - | AA87: 4A0432_E_MB_S24 | AB87: - | AC87: -
A88: 86 | C88: 4A0576 | D88: Shaima Rifaie | E88: 29 | F88: Female | G88: S000081 | H88: CON | N88: grandmother- stomach (54) | Q88: 45768 | R88: YES | S88: Done | T88: - | U88: Research | V88: Mibiome | W88: 45947 | X88: 95.83 (14.4) | Y88: Not analysed | Z88: - | AA88: 4A0576_E_MB_S45 | AB88: - | AC88: -
A89: 87 | C89: 4A0444 | D89: Sonia Jain | E89: 49 | F89: Female | G89: S000601 | H89: CON | Q89: 45733 | R89: YES | S89: Done | T89: - | U89: Research | V89: Mibiome | W89: 45947 | X89: 73.56 (11) | Y89: Yes | Z89: - | AA89: 4A0444_E_MB_S27 | AB89: - | AC89: -
A90: 88 | C90: 4A1134 | D90: Shaira Khan | E90: 47 | F90: Female | G90: S000724 | H90: CON | Q90: 45897 | R90: YES | S90: Done | T90: - | U90: Research | V90: Mibiome | W90: 45947 | X90: 72.44 (10.8) | Y90: Yes | Z90: - | AA90: 4A1134_E_MB_S2 | AB90: - | AC90: -
A91: 89 | C91: 4A0582 | D91: Dinesh Gurav | E91: 57 | F91: Male | G91: D000002 | H91: CON | M91: Heart disease | Q91: 45769 | R91: YES | S91: Done | T91: - | U91: Research | V91: Mibiome | W91: 45947 | X91: 71.01 (10.6) | Y91: Yes | Z91: - | AA91: 4A0582_E_MB_S48 | AB91: - | AC91: -
A92: 90 | C92: 4A0443 | D92: Manish Jain | E92: 48 | F92: Male | G92: M000212 | H92: CON | Q92: 45733 | R92: YES | S92: Done | T92: - | U92: Research | V92: Mibiome | W92: 45947 | X92: 87.22 (13) | Y92: Yes | Z92: - | AA92: 4A0443_E_MB_S26 | AB92: - | AC92: -
A93: 91 | C93: 4A0428 | D93: Naresh Naik | E93: 55 | F93: Male | G93: N000131 | H93: CON | Q93: 45726 | R93: YES | S93: Done | T93: - | U93: Research | V93: Mibiome | W93: 45947 | X93: 87.39 (13) | Y93: Yes | Z93: - | AA93: 4A0428_E_MB_S20 | AB93: - | AC93: -
A94: 92 | C94: 4A0526 | D94: Ali Lehra | E94: 24 | F94: Male | G94: A000366 | H94: CON | Q94: 45758 | R94: YES | S94: Done | T94: - | U94: Research | V94: Mibiome | W94: 45947 | X94: 80.49 (12) | Y94: Yes | Z94: - | AA94: 4A0526_E_MB_S39 | AB94: - | AC94: -
A95: 93 | C95: 4A0309 | D95: Indrajeet Yadav | E95: 33 | F95: Male | G95: I000021 | H95: CON | Q95: 45694 | R95: YES | S95: Done | T95: - | U95: Research | V95: Mibiome | W95: 45947 | X95: 79.94 (12) | Y95: Yes | Z95: Yes | AA95: 4A0309_E_MB_S7 | AB95: - | AC95: -
A96: 94 | C96: 4A0609 | D96: Tehzeeb Shamji | E96: 23 | F96: Female | G96: T000065 | H96: CON | Q96: 45777 | R96: YES | S96: Done | T96: - | U96: Research | V96: Mibiome | W96: 45947 | X96: 87.53 (13.2) | Y96: Not analysed | Z96: - | AA96: 4A0609_E_S52 | AB96: - | AC96: -
A97: 95 | C97: 4A0602 | D97: Sakshi Kamble | E97: 36 | F97: Female | G97: S000226 | H97: CON | M97: Diabetes | Q97: 45775 | R97: YES | S97: Done | T97: - | U97: Research | V97: Mibiome | W97: 45947 | X97: 83.7 (12.6) | Y97: Not analysed | Z97: - | AA97: 4A0602_E_S50 | AB97: - | AC97: -
A98: 96 | C98: 4A0461 | D98: Shlok Shivkar | E98: 25 | F98: Male | G98: S000605 | H98: CON | Q98: 45743 | R98: YES | S98: Done | T98: - | U98: Research | V98: Mibiome | W98: 45947 | X98: 81.89 (12.2) | Y98: Yes | Z98: - | AA98: 4A0461_E_MB_S32 | AB98: - | AC98: -
A99: 97 | C99: 4A0511 | D99: Shibani Bathija | E99: 57 | F99: Female | G99: S000610 | H99: CON | Q99: 45756 | R99: YES | S99: Done | T99: - | U99: Research | V99: Mibiome | W99: 45947 | X99: 80.51 (12) | Y99: Yes | Z99: - | AA99: 4A0511_E_MB_S36 | AB99: - | AC99: -
A100: 98 | C100: 4A0020 | D100: Percy Daruwalla​ | E100: 78 | F100: Male | G100: P000151 | H100: D | I100: Screening | J100: Dr Nadeem | K100: Diabetes | M100: - | Q100: 45666 | R100: YES | S100: Done | T100: 8 | U100: Research | V100: Haystack | W100: 45685 | X100: 194.52 (29) | Y100: Not analysed | Z100: - | AA100: 4A0020_E_HS | AB100: - | AC100: -
...

Sheet exclusion
A1: Sr no | B1: AOB ID | C1: SID | D1: Name | E1: Age | F1: Gender | G1: Patient ID | H1: New Case label | I1: Additional | J1: Source | K1: Disease Type | L1: Comorbidity | M1: Family history | N1: Metastasis | O1: Patient status | P1: Sample collection date | Q1: DNA availability | R1: Sequencing | S1: DIN | T1: Research/Report | U1: Sequencing partner (E) | V1: Data received (E) | W1: TMR-E (Gbp) | X1: Data analysed-E (Som) | Y1: Sample leveling
B2: PD001 | E2: 4 | F2: Male
B3: PD002 | E3: 4 | F3: Male
B4: PD003 | E4: 4 | F4: Male
B5: PD004 | E5: 4 | F5: Female
B6: PD005 | E6: 11 | F6: Female
B7: PD006 | E7: 9 | F7: Female
B8: PD007 | E8: 5 | F8: Female
B9: PD008 | E9: 5 | F9: Female
B10: 58 | C10: 1A0460 | D10: Anay Bajpai | E10: 13 | F10: Male | G10: A000055 | H10: CON | L10: - | M10: - | N10: - | P10: 44905 | Q10: YES | R10: Done | S10: 8.6 | T10: Research | U10: Medgenome | V10: - | W10: 82.53 (12.4) | X10: Yes | Y10: 58b, 58d
B11: 74 | C11: 2A0002 | D11: Anika Tripathi | E11: 15 | F11: Female | G11: A000057 | H11: CON | L11: - | M11: - | N11: - | P11: 44929 | Q11: YES | R11: Done | S11: 8.2 | T11: Research | U11: Medgenome | V11: - | W11: 69.29 (10.4) | X11: Yes | Y11: 74b, 74d
B12: 75 | C12: 2A0003 | D12: Ashna Tripathi | E12: 11 | F12: Female | G12: A000058 | H12: CON | L12: - | M12: - | N12: - | P12: 44929 | Q12: YES | R12: Done | S12: 8.3 | T12: Research | U12: Medgenome | V12: - | W12: 76.03 (11.4) | X12: Yes | Y12: 75b, 75d
B13: 231 | C13: 3A0884 | D13: Daivik Motwani | E13: 10 | F13: Male | G13: D000087 | H13: D | J13: Dr Nadeem | K13: Type 1 Diabetes Mellitus | L13: Diabetes | P13: 45556 | Q13: YES | R13: Done | S13: 8.1 | T13: Report | U13: Medgenome | V13: 45593 | W13: 134.93 (20.2) | X13: Yes | Y13: 231b, 231d
C14: 4A0084 | D14: Mohd. Jawad Shaikh | E14: 17 | F14: Male | G14: M000192 | H14: D | J14: Dr Nadeem | K14: Diabetes | L14: Diabetes | P14: 45670 | Q14: YES | R14: Done | S14: - | T14: Research | U14: Mibiome | V14: 45947 | W14: 83.4 (12.4) | X14: Yes | Y14: 4A0084_T
C15: 3A0885 | D15: Dvit Motwani | E15: 10 | F15: Male | G15: D000088 | H15: CON | M15: #N/A | N15: #N/A | O15: #N/A | P15: #N/A | Q15: YES | R15: Done | T15: #N/A | U15: #N/A | V15: #N/A | W15: #N/A | X15: #N/A
B16: 2 | C16: 1A0013 | D16: Raj Tambe | E16: 32 | F16: Male | G16: R000001 | H16: CON | L16: - | M16: - | N16: - | P16: 44692 | Q16: Exhausted | R16: Done | S16: - | T16: Report | U16: Medgenome | V16: - | W16: 52.76 (7.8) | X16: Yes | Y16: 2b, 2d
B17: 82 | C17: 2A0028 | D17: Deepa Bhartiya | E17: 63 | F17: Female | G17: D000010 | H17: CON | I17: Screening | L17: Pre-Diabetes | M17: Hyperthyroid | N17: - | P17: 44935 | Q17: YES | R17: Done | S17: 8.5 | T17: Report | U17: Medgenome | V17: - | W17: 46.49 (7) | X17: Yes | Y17: -
B18: 125 | C18: 2A0333 | D18: Mahesh Agrawal | E18: 73 | F18: Male | G18: M000008 | H18: Benign | I18: Screening | K18: Benign Prostate Hyperplasia | L18: - | M18: Wife had triple negative breast cancer | N18: - | P18: 44975 | Q18: YES | R18: Done | S18: 8.5 | T18: Research | U18: Medgenome | V18: - | W18: 122.67 () | X18: Yes | Y18: 125b, 125d
B19: 165 | C19: 2A1022 | D19: Brijesh Kaushal | E19: 39 | F19: Male | G19: B000002 | H19: CON | L19: - | M19: - | N19: - | P19: 45224 | Q19: YES | R19: Done | S19: 8.4 | T19: Research | U19: Medgenome | V19: 45268 | W19: 59.64 (9) | X19: Yes | Y19: 165b, 165d
B20: 158 | C20: 2A0729 | D20: Mitansh Tripathi | E20: 27 | F20: Male | G20: M000073 | H20: CON | L20: - | M20: - | N20: - | P20: 45132 | Q20: YES | R20: Done | S20: 8.9 | T20: Research | U20: Medgenome | V20: 45155 | W20: 64.02 (9.6) | X20: Yes | Y20: 158b, 158d
B21: 18 | C21: 3A0017 | D21: Anish Tripathi | E21: 55 | F21: Male | G21: A000004 | H21: CON | L21: - | M21: - | N21: - | P21: 45294 | Q21: YES | R21: Done | S21: 8.2 | T21: Research | U21: Medgenome | V21: 45323 | W21: 70.68 () | X21: Yes | Y21: 180b, 180d
B22: 181 | C22: 3A0032 | D22: Ashish Tripathi | E22: 49 | F22: Male | G22: A000033 | H22: Benign | K22: Hepatobilliary System (Fatty Liver) | L22: - | M22: - | N22: - | P22: 45297 | Q22: YES | R22: Done | S22: 8.7 | T22: Research | U22: Medgenome | V22: 45323 | W22: 65.06 () | X22: Yes | Y22: 181b, 181d
B23: 182 | C23: 3A0033 | D23: Amish Tripathi | E23: 49 | F23: Male | G23: A000028 | H23: CON | L23: - | M23: - | N23: - | P23: 45297 | Q23: YES | R23: Done | S23: 8.2 | T23: Research | U23: Medgenome | V23: 45323 | W23: 80.23 () | X23: Yes | Y23: 182b, 182d
B24: 183 | C24: 3A0034 | D24: Usha Tripathi | E24: 79 | F24: Female | G24: U000020 | H24: CON | I24: Screening | L24: Diabetes | M24: - | N24: - | P24: 45297 | Q24: YES | R24: Done | S24: 9.1 | T24: Research | U24: Medgenome | V24: 45323 | W24: 56.04 () | X24: Yes | Y24: 183b, 183d
B25: 212 | C25: 3A0816 | D25: Meeta Tripathi | E25: 52 | F25: Female | G25: M000013 | H25: CON | L25: - | P25: 45497 | Q25: YES | R25: Done | S25: 8.4 (250X) | T25: Report | U25: Medgenome | V25: 45530 | W25: 137.88 (20.8) | X25: Yes | Y25: 212b, 212d
C26: 4A1118 | D26: Zarien Khan | E26: 42 | F26: Female | G26: Z000008 | H26: D | J26: Dr Nadeem | P26: 45891 | Q26: YES | R26: Done | S26: - | T26: Research | U26: Mibiome | V26: 45933 | W26: 92.58 (13.8) | X26: Yes | Y26: 4A1118_T_MB_S24, 4A1118_E_MB_S41
C27: 4A0922 | D27: Pankaj Mehra | E27: 64 | F27: Male | G27: P000183 | H27: D | J27: Dr Nadeem | P27: 45847 | Q27: YES | R27: Done | S27: - | T27: Research | U27: MiBiome | V27: 45918 | W27: 72.35 (10.8) | X27: Not analysed | Y27: 4A0922_T_MB_S10, 4A0922_E_MB_S52
C28: 4A0500 | D28: Neelam Shinde | E28: 38 | F28: Female | G28: N000009 | H28: CON | P28: 45754 | Q28: YES | R28: Done | S28: - | T28: Research | U28: Mibiome | V28: 45947 | W28: 78.01 (11.6) | X28: Yes | Y28: 4A0500_E_MB_S34
C29: 4A0581 | D29: Padma Uttakar | E29: 46 | F29: Female | G29: P000002 | H29: CON | P29: 45769 | Q29: YES | R29: Done | S29: - | T29: Research | U29: Mibiome | V29: 45947 | W29: 74.24 (11.2) | X29: Yes | Y29: 4A0581_E_MB_S47
C30: 4A0529 | D30: Swaraj Mule | E30: 23 | F30: Male | G30: S000395 | H30: CON | P30: 45758 | Q30: YES | R30: Done | S30: - | T30: Research | U30: Mibiome | V30: 45947 | W30: 79.62 (12) | X30: Yes | Y30: 4A0529_E_MB_S42
B31: 175_S37 | C31: 4A0447 | D31: Chirag Dewan | E31: 38 | F31: Male | G31: C000044 | H31: CON | L31: - | P31: 45735 | Q31: YES | R31: Done | S31: - | T31: Research | U31: Mibiome | V31: 45947 | W31: 91.03 (13.6) | X31: Yes | Y31: 00175_S37
C32: 4A0530 | D32: Ankit Bhat | E32: 32 | F32: Male | G32: A000016 | H32: CON | P32: 45758 | Q32: YES | R32: Done | S32: - | T32: Research | U32: Mibiome | V32: 45947 | W32: 76.45 (11.4) | X32: Yes | Y32: 4A0530_E_MB_S43
B33: 26 | C33: 3A0724 | D33: Saba Khan | E33: 55 | F33: Female | G33: S000314 | H33: HR | I33: Suspected plasma cell disorder. | L33: High Risk | M33: • Suspected plasma cell disorder. • Increased IgG, free kappa light chain, and kappa/lambda ratio over the past seven months. • Serum creatinine, blood urea and serum calcium are within normal range. • 18th July 224: Elevated levels of serum IgG (24mgs/dl), kappa light chain (17.26mg/L), and kappa lambda ratio (2.19mg/L); mildly elevated (not significantly) beta-2 microglobulin; erythrocyte sedimentation rate within normal range. • The albumin-to-globulin ratio has exceeded the normal range since January 224. Gamma globulin gradually increased from 17.9 (A/G-1.51 on 23/1/24) to 16.6 (A/G- 2.2 on 19/3/24) to 2.7 (A/G- 1.25 on 16/7/24) Family history of cancer/other pathology • Uncle's son had cancer at age 65 years (type not known) • Father- diabetic and cardiac issue • Mother- Age related dementia | N33: - | P33: 45479 | Q33: YES | R33: Done | S33: 8.7 (250X) | T33: Report | U33: Medgenome | V33: 45510 | W33: 131.6 (19.8) | X33: Yes | Y33: 206b, 206d
C34: 4A0674 | D34: Santosh Kamble | E34: 33 | F34: Male | G34: S000003 | H34: CON | P34: 45799 | Q34: YES | R34: Done | S34: - | T34: Research | U34: MiBiome | V34: 45918 | W34: 57.52 (8.6) | X34: Not analysed | Y34: 4A0674_E_MB_S56
B35: 13 | C35: 1A0086 | D35: Bindu Madhav Joshi | E35: >45 | F35: Male | G35: B000003 | H35: COT | K35: B-Cell Non-Hodkgins Lymphoma | L35: - | M35: - | N35: - | P35: 44718 | Q35: Exhausted | R35: Done | S35: - | T35: Research | U35: Medgenome | V35: - | W35: 72.2 (10.8) | X35: Yes | Y35: 13b
B36: 195 | C36: 3A0467 | D36: Anita Sanap | E36: 54 | F36: Female | G36: A000094 | H36: COT | K36: Cervical cancer | L36: - | M36: Clinical history of patient: Diagnosis: Metastatic carcinoma of cervix with bone mets and obstructive uropathy, HPR: Keratinizing squamous cell carcinoma; Stage IV; grade II. Treatment received and follow up: 6 cycles Nab-Paclitaxel + Carboplatin + Bevacizumab (23/2/223- 16/6/223), 3 cycles of maintenance therapy with Bevacizumab (8/7/223-19/8/223). PET scan shows disease progression in Sep 223, 6 cycles Nab-Paclitaxel + Bevacizumab (LD: Nov 223), PET scan shows disease progression in Nov 223, 6 cycles of KEYTRUDA (LD: 25/11/223-15/3/223), 5 cycles of radiotherapy (LD 21/2/224)- developed haematuria. PET scan shows significant increase in size and metabolic activity of the cervical mass extending to uterus involving the urinary bladder, parametrium, bilateral VUJ and rectum. Increase in size and activity of abdomino-pelvic lymph nodes and new involvement of multiple liver and osteolytic skeletal lesions suggesting disease progression. There is mild increase in the metabolic activity of left kidney with mild urothelial enhancement. (performed on 2/4/224). Other health conditions: Arthritis | N36: - | O36: Deceased | P36: 45397 | Q36: YES | R36: Done | S36: 8.6 (250X) | T36: Report | U36: Medgenome | V36: 45435 | W36: 178.52 (26.8) | X36: Yes | Y36: 195b, 195d
B37: 216 | C37: 3A0860 | D37: Joshitha Sudhir | E37: 50 | F37: Female | G37: J000048 | H37: COT | K37: Adenocarcinoma upper rectum | L37: - | P37: 45539 | Q37: YES | R37: repeat | S37: 7.8 | T37: Report | U37: Medgenome | V37: 45594 | W37: 183.54 (27.6) | X37: Yes | Y37: 216b, 216d
B38: 253 | C38: 3A1108 | D38: Rekha Saboo | E38: 75 | F38: Female | G38: R000196 | H38: COT | K38: Perianal squamous cell carcinoma | L38: - | P38: 45600 | Q38: YES | R38: Done | S38: 7.7 | T38: Report | U38: Medgenome | V38: 45665 | W38: 118.38 (17.8) | X38: Yes | Y38: 253b, 253d
C39: 4A0349 | D39: Rekha Saboo | E39: 75 | F39: Female | G39: R000196 | H39: COT | K39: Perianal squamous cell carcinoma | L39: - | P39: 45699 | Q39: YES | R39: Done | S39: - | T39: Report | U39: MiBiome | V39: 45747 | W39: 85.70 (12.8) | X39: Yes | Y39: 4A0349_T
B40: 92 | C40: 2A0090 | D40: Athira Nair | E40: 26 | F40: Female | G40: A000021 | H40: CS | K40: Follicular Ameloblastoma | L40: - | M40: - | N40: - | P40: 44943 | Q40: YES | R40: Done | S40: 8.2 | T40: Research | U40: Medgenome | V40: - | W40: 81.55 () | X40: Yes | Y40: 92b, 92d
B41: 186 | C41: 3A0070 | D41: Zahabiya Khorakiwala | E41: 41 | F41: Female | G41: Z000004 | H41: CS | K41: Hodgkin Lymphoma | L41: Hypothyroidism | M41: Clinical history of patient - Hodgkin Lymphoma - nodular seclerosis-IIA. Date of diagnosis: 5/9/25 through histopathology of cervical lymph node. The RS cells express CD3 (TNFRSF8) and CD15 (FUT4) and negative for LCA (PTPRC/ CD45), CD2, CD3, EMA (MUC1). Treatment: 6 cycles of Chemotherapy (ABVD protocol) completed in January 26 and 25 cycles of radiation received in March 26. CT neck (1/12/25): Resolution of left inferior cervical, supracervicular and sternoclavicular lymph nodes. Significant reduction in the size of mediastinal lymph nodes. A new 7 mm pulmonary nodule is seen in the left lateral basal segment. PET CT (1/2/26): No active disease and favourable response to therapy. PET CT (6/6/28): No abnormality as compared to previous scan dated 13/4/27. PET CT scan: 4/1/223: The metabolically active prominent and enlarged left cervical level II, left deep parotid, right cervical level IB and right axillary lymph nodes (Deauville 5/X). Excision biopsy of left cervical lymph node on 5/1/223: Benign lymph node showing follicular and paracortical hyperplasia, polytypic plasmacytosis, as well as evidence of vascular transformation of sinuses. IHC negative for Hodgkin lymphoma or another lymphoma. Ultrasound of neck and both axilla (16/11/223). Bilateral axillary and cervical (Level IA, right Level IB, left Level II) lymphadenopathy. Right Level IB nodes show abnormal vascularity. Lymph nodes have increased in number compared to previous report. Normal-sized thyroid with tiny benign-looking nodules (TIRADS2). Ultrasound of neck and both axilla (15/1/224): Right axillary nodes have reduced in number. Left axillary nodes have resolved. Cervical nodes are unchanged in size and appearance. Right supraclavicular node is a new finding. Normal-sized thyroid with tiny benign-looking nodules (TIRADS2). Comorbidity: Hypothyroidism. Family history of cancer- Breast cancer - maternal grandmother. | N41: - | P41: 45307 | Q41: YES | R41: Done | S41: 9.1 | T41: Report | U41: Medgenome | V41: 45341 | W41: 67.43 (10) | X41: Yes | Y41: 186b, 186d
B42: 242 | C42: 3A1080 | D42: Sharda Bhandari | E42: 71 | F42: Female | G42: S000044 | H42: CS | K42: Cervical cancer | L42: Hypertension | P42: 45584 | Q42: YES | R42: Done | S42: 8 | T42: Report | U42: Medgenome | V42: 45631 | W42: 175.8 (26.4) | X42: Yes | Y42: 242b, 242d
C43: 4A0302 | D43: Swati Sahoo | E43: 33 | F43: Female | G43: S000021 | H43: CS | K43: Breast cancer | L43: - | P43: 45693 | Q43: YES | R43: Done | S43: - | T43: Research | U43: MiBiome | V43: 45747 | W43: 87.31 (13) | X43: Yes | Y43: 4A0302_T
B44: 18 | C44: 1A0208 | D44: Swati Sahoo | E44: 31 | F44: Female | G44: S000021 | H44: CS | K44: Breast Cancer | L44: - | M44: 2/8/21: 4.3*2.8 cm hypoechoic mass with multilobulated margin at 1' clock position in RT breast. Right breast cyst (BIRAD 3) at 9.' clock position and 11.' clock position. 17/8/21 (Pet scan): FDG avid soft tissue lesion noted involving upper inner quadrant of right breast. It measures 35x3x36 mm, SUVmax: 24.52. 7 mm right axillary node noted without any FDG uptake and preserved fatty hilum- likely benign Right breast core biopsy: Invasive breast carcinoma, no special type, grade 3. Modified Richardson Bloom score: 3+3+3=9. No ductal carcinoma in situ seen. On Immunohistochemistry: Estrogen Receptor (ER): Positive (6% of tumor cells show nuclear staining with strong intensity, Allred score 7/8). Progesterone Receptor (PR): Positive (5% of tumor cells show nuclear staining with moderate intensity, Allred score 4/8). Her2 neu- Negative (Score 1+). | N44: - | P44: 44831 | Q44: Exhausted | R44: Done | S44: - | T44: Research | U44: Medgenome | V44: - | W44: 74.17 (11) | X44: Yes | Y44: 18b
B45: 133 | C45: 2A0391 | D45: Sharda Bhandari | E45: 70 | F45: Female | G45: S000044 | H45: CS | K45: Cervical cancer | L45: - | M45: - | N45: - | P45: 44982 | Q45: YES | R45: Done | S45: 8.7 | T45: Research | U45: Medgenome | V45: - | W45: 69.36 (10.4) | X45: Yes | Y45: 133b, 133d
B46: 168 | C46: 2A1135 | D46: Neha Vohra | E46: 42 | F46: Female | G46: N000063 | H46: Benign | K46: Breast Lump | L46: - | M46: Clinical history of patient - Lesion in left Breast, Mammography dated: 28/11/223, Irregular non-specific 6 × 4 × 3 mm hypoechoic lesion (BIRADS 4) in the left breast; recommended for ultrasound-guided fine needle biopsy. Family history of cancer - Father- Gastroesophageal Cancer, Paternal grandmother- Breast cancer, Mother- Thyroid papilloma | N46: - | P46: 45261 | Q46: YES | R46: Done | S46: 8.9 | T46: Report | U46: Medgenome | V46: 45279 | W46: 62.65 (9.4) | X46: Yes | Y46: 168b, 168d_R
B47: 214 | C47: 3A0838 | D47: Shubhangi Patil | E47: 37 | F47: Female | G47: S000002 | H47: Benign | K47: Endometriosis | L47: Thyroid | P47: 45525 | Q47: YES | R47: Done | S47: 8.7 (250X) | T47: Report | U47: Medgenome | V47: 45569 | W47: 164.88 (24.8) | X47: Yes | Y47: 214b, 214d
C48: 4A0290 | D48: Shubhangi Patil | E48: 37 | F48: Female | G48: S000002 | H48: Benign | K48: Female Reproductive Organ (Endometriosis) | L48: Thyroid | P48: 45689 | Q48: YES | R48: Done | S48: - | T48: Research | U48: Mibiome | V48: 45971 | W48: 67.54 (10) | X48: Not analysed | Y48: 4A0290_T
B49: 177 | C49: 2A1237 | D49: Navin Alahari | E49: 60 | F49: Male | G49: N000068 | H49: HR | I49: JAK 2 somatic positive | K49: Chronic Essential thrombocythemia/Neoplasm | L49: Cholesterol | M49: Clinical history of patient - Chronic persistent thrombocytosis, High platelet count - 59 Giga/L (24/1/222), 617 Giga/L (31/5/223). Diagnosis: Positive for JAK2 p.V617F (c.1849G>T/p.Val617Phe) mutation indicating Essential thrombocythemia; confirmation on whole blood DNA sample using ddPCR, VAF% - 17.6% (dated 7/5/223). Tumor markers are normal: CEA: 1.3 ng/ml; CA 19.9: 5.7 U/ml (31/5/223). Surgical background: Right inguinal hernia. Personal history - High Cholesterol (no record provided), Jaundice twice when young, Juvenile Osteoporosis; Homeopathy taken; no symptoms since 1986. Family history of cancer - CML - Mother (Age of diagnosis - 65 years), Blood cancer - Maternal uncle (Age of diagnosis - 4 years). | N49: - | P49: 45285 | Q49: Exhausted | R49: Done | S49: 9 | T49: Report | U49: Medgenome | V49: 45320 | W49: 56.18 (8.4) | X49: Yes | Y49: 177b, 177d
B50: 236 | C50: 3A1070 | D50: Deepa Joshi | E50: 51 | F50: Female | G50: D000001 | H50: Benign | I50: Benign | L50: Diabetes | P50: 45583 | Q50: YES | R50: Done | S50: 8.2 | T50: Research | U50: Medgenome | V50: 45624 | W50: 62.49 (9.4) | X50: Yes | Y50: 236b, 236d
C51: 4A0426 | D51: Dhruv Chopra | E51: 45 | F51: Male | G51: D000119 | H51: D | J51: Dr Nadeem | K51: Grade I obesity | L51: Metabolic Syndrome, Grade 1 Obesity, Pre-Diabetes, Dyslipidemia, Hyperuricaemia, Grade I Fatty Liver, Obstructive Sleep Apnea | P51: 45723 | Q51: YES | R51: Done | S51: - | T51: Research | U51: MiBiome | V51: 45933 | W51: 91.8 (13.8) | X51: Yes | Y51: 4A0426_T, 4A0426_E_MB_S12
B52: 173_S35 | C52: 4A0437 | D52: Kishore Tanna | E52: 73 | F52: Male | G52: K000127 | H52: D | J52: Dr Nadeem | K52: Type 2 Diabetes Mellitus | L52: - | P52: 45728 | Q52: YES | R52: Done | S52: - | T52: Research | U52: MiBiome | V52: 45933 | W52: 99.74 (15) | X52: Yes | Y52: 00173_S35, 4A0437_E_MB_S16
B53: 174_S36 | C53: 4A0439 | D53: Adity Chaudhury | E53: 40 | F53: Female | G53: A000339 | H53: D | J53: Dr Nadeem | K53: Prediabetes | L53: - | P53: 45729 | Q53: YES | R53: Done | S53: - | T53: Research | U53: MiBiome | V53: 45933 | W53: 92.2 (13.8) | X53: Yes | Y53: 00174_S36
B54: IL_112_S77 | C54: 4A0314 | D54: Sarvesh Parab | E54: 23 | F54: Male | G54: S000432 | H54: CON | L54: - | P54: 45695 | Q54: YES | R54: Done | S54: - | T54: Research | U54: Mibiome | V54: 45971 | W54: 70.73 (10.6) | X54: Not analysed | Y54: IL_112_T_S77
C55: 4A0329 | D55: Rupesh Salunkhe | E55: 28 | F55: Male | G55: R000007 | H55: CON | P55: 45697 | Q55: YES | R55: Done | S55: - | T55: Research | U55: Mibiome | V55: 45986 | W55: 0 | X55: 0 | Y55: 4A0329_E_MB_S36
C56: 4A1153 | D56: Shraddha Avchite | E56: 27 | F56: Female | G56: S000205 | H56: CON | P56: 45901 | Q56: YES | R56: Done | S56: - | T56: Research | U56: Mibiome | V56: 45986 | W56: 0 | X56: 0 | Y56: 4A1153_E_MB_S65
B57: 0 | C57: 4A1487 | D57: Vikas Patil | E57: 38 | F57: Male | G57: TZIN064 | H57: D | J57: Diabetes Project_Fasting | P57: 0 | Q57: YES | R57: Done | S57: - | T57: Research | U57: - | V57: - | W57: - | X57: - | Y57: 4A1487_T_MB_S3
C58: 3A1069 | D58: Tom Pontzius | E58: 59 | F58: Male | G58: T000049 | H58: CON | J58: other ethnicity | R58: YES | S58: repeat | U58: #N/A | V58: #N/A | W58: #N/A | X58: #N/A | Y58: #N/A
B59: 0 | C59: 4A1594 | D59: Bindoo Wadhwani | E59: 72 | F59: Female | G59: TZIN04573 | H59: COT | P59: 45962 | Q59: YES | R59: repeat | S59: - | T59: Report | U59: - | V59: - | W59: - | X59: - | Y59: 4A1594_T_MB_S19
B60: 0 | C60: 4A1614 | D60: Pranav Chaturvedi | E60: 43 | F60: Male | G60: 0 | H60: CON | P60: 45966 | Q60: YES | R60: repeat | S60: 0 | T60: Report | U60: - | V60: - | W60: - | X60: - | Y60: 4A1614_T_MB_S26_L004
B61: 4A1615B | C61: 4A1615 | D61: Anish Tripathi | E61: 57 | F61: Male | G61: TZIN052 | H61: CON | P61: 45966 | Q61: YES | R61: repeat | S61: 0 | T61: Research | U61: - | V61: - | W61: - | X61: - | Y61: 4A1615B_T_MB_S27_L004
B62: 0 | C62: 4A1816 | D62: Sagar Nagrekar | E62: 27 | F62: Male | G62: EBPL01947 | H62: CON | P62: 45992 | Q62: YES | R62: repeat | S62: 0 | T62: Report | U62: - | V62: - | W62: - | X62: - | Y62: 4A1816_T_MB_S10
B63: 5 | C63: 1A0461 | D63: Meeta Tripathi | E63: 50 | F63: Female | G63: M000013 | H63: CON | L63: - | M63: - | N63: - | P63: 44905 | Q63: YES | R63: Done | S63: 9 | T63: Research | U63: Medgenome | V63: - | W63: 62.73 (9.4) | X63: Yes | Y63: 50b, 50d
B64: 41 | C64: 1A0150 | D64: Amish Tripathi | E64: 47 | F64: Male | G64: A000028 | H64: CON | L64: - | M64: Heart disease, diabetes (Family) | N64: - | P64: 44758 | Q64: Exhausted | R64: Done | S64: 6.2 | T64: Research | U64: Medgenome | V64: - | W64: 65.12 (9.8) | X64: Yes | Y64: 41b, 41d
B65: 3 | C65: 1A0225 | D65: Padma Uttarkar | E65: 44 | F65: Female | G65: P000002 | H65: CON | L65: - | M65: - | N65: - | P65: 44833 | Q65: Exhausted | R65: Done | S65: - | T65: Research | U65: Medgenome | V65: - | W65: 69.51 (10.4) | X65: Yes | Y65: 3b
B66: 310 | C66: 3A1273 | D66: Venkatchalam Ramaswamy | E66: 58 | F66: Male | G66: V000015 | H66: CON | L66: Borderline Diabetes, smoking history | P66: 45631 | Q66: YES | R66: repeat | S66: - | T66: Report | U66: - | V66: - | W66: - | X66: - | Y66: 310d
C67: 3A0681 | D67: Disha Shinde | E67: 29 | F67: Female | G67: D000006 | H67: HR | K67: Female Reproductive Organ (PCOD) | L67: Female Reproductive Organ (PCOD) | P67: 45464 | Q67: YES | R67: Done | S67: - | T67: Research | U67: Mibiome | V67: 45947 | W67: 76.04 (11.4) | X67: Yes | Y67: 3A0681_E_MB_S6
B68: 227 | C68: 3A0873 | D68: Bipin Chand | E68: 43 | F68: Male | G68: B000001 | H68: D | J68: Diabetes Project | M68: Diabetes | P68: 45551 | Q68: YES | R68: Done | S68: 8.7 | T68: Research | U68: Medgenome | V68: 45593 | W68: 165.31 (24.8) | X68: - | Y68: 227b, 227d
B69: 366 | C69: 3A1274 | D69: Payhan Vanita | E69: 68 | F69: Female | G69: P000144 | H69: CTN | J69: Spec Lab | K69: PUO | L69: PUO | M69: - | Q69: 45630 | R69: No | S69: not done | T69: 8.6 | U69: Research | V69: - | W69: - | X69: - | Y69: - | Z69: - | AA69: 366d_MB_S9
B70: 387 | C70: 3A1322 | D70: Gunuwant Gaikwad | E70: 82 | F70: Male | G70: G000070 | H70: CTN | J70: Spec Lab | K70: Hepatobilliary System (Gall Bladder) | L70: Gall Bladder cancer | M70: - | Q70: 45642 | R70: No | S70: not done | T70: - | U70: Research | V70: - | W70: - | X70: - | Y70: - | Z70: - | AA70: 387d_MB_S27
B71: 394 | C71: 3A1354 | D71: Bhimrao Vitkar | E71: 42 | F71: Male | G71: B000082 | H71: CTN | J71: Spec Lab | K71: Male Reproductive Organ (Prostate) | L71: Prostate cancer | M71: - | Q71: 45653 | R71: No | S71: not done | T71: - | U71: Research | V71: - | W71: - | X71: - | Y71: - | Z71: - | AA71: 394d_MB_S34
C72: 1A0462 | D72: Sulochanna R Dhavan | E72: 61 | F72: Female | G72: 121222459 | H72: COT | I72: CR | J72: Spect Lab | K72: Female Reproductive Organ (Cervix, Squamous Cell Carcinoma); Lung | L72: Cervical cancer | R72: No | S72: not done | Z72: #N/A
C73: 1A0470 | D73: Kusum Salunkhe | E73: 31 | F73: Female | G73: 121222467 | H73: CTN | I73: CR | J73: Spect Lab | K73: Bone (Giant Cell Tumor); Lung | R73: No | S73: not done | Z73: #N/A
C74: 3A1279 | D74: Bajirov Zende | E74: 78 | F74: Male | G74: B000076 | H74: Benign | J74: Spec Lab | K74: Hepatobilliary System (Gall Bladder Lesion) | L74: Gall Bladder Lesion | R74: No | S74: not done | Z74: #N/A
C75: 4A1504 | D75: Ramandeep Kaur | E75: 77 | F75: Female | G75: TZIN04797 | H75: CON | R75: No | S75: not done | Z75: #N/A
B76: 65 | C76: 1A0451 | D76: Dhananjay Malwadar | E76: 42 | F76: Male | G76: D000027 | H76: COT | J76: Spect Lab | K76: Male Reproductive Organ (Testicular, Seminoma) | L76: Testicular cancer | N76: - | O76: - | Q76: 44903 | R76: YES | S76: low conc. | T76: - | U76: Research | V76: Medgenome | W76: - | X76: - | Y76: no raw data | Z76: 0 | AA76: -
B77: IL-87 | C77: 4A0021 | D77: Shruti Patil | E77: 22 | F77: Female | G77: S000524 | H77: CON | M77: - | Q77: 45667 | R77: YES | S77: low conc. | T77: - | U77: Research | V77: - | W77: - | X77: - | Y77: - | Z77: - | AA77: IL-87_T_MB_S54
B78: 0 | C78: 4A1787 | D78: Agnieszka Klys | E78: 38 | F78: Female | G78: TZIN05526 | H78: CON | Q78: 45988 | R78: YES | S78: low conc. | T78: 0 | U78: Report | V78: - | W78: - | X78: - | Y78: - | Z78: - | AA78: 4A1787_T_MB_S13
B79: 0 | C79: 4A1788 | D79: Darya Shingaiter | E79: 36 | F79: Female | G79: TZIN05527 | H79: CON | Q79: 45988 | R79: YES | S79: low conc. | T79: 0 | U79: Report | V79: - | W79: - | X79: - | Y79: - | Z79: - | AA79: 4A1788_T_MB_S14
B80: 0 | C80: 4A1789 | D80: Kasper Piil | E80: 34 | F80: Male | G80: TZIN05525 | H80: CON | Q80: 45988 | R80: YES | S80: low conc. | T80: 0 | U80: Report | V80: - | W80: - | X80: - | Y80: - | Z80: - | AA80: 4A1789_T_MB_S15
B81: 0 | C81: 4A1790 | D81: Krishna Vijaykumar Hublikar | E81: 44 | F81: Male | G81: TZIN05528 | H81: CON | Q81: 45988 | R81: YES | S81: low conc. | T81: 0 | U81: Report | V81: - | W81: - | X81: - | Y81: - | Z81: - | AA81: 4A1790_T_MB_S16
B82: 0 | C82: 4A1791 | D82: Kristina Thored | E82: 47 | F82: Female | G82: TZIN05529 | H82: CON | Q82: 0 | R82: YES | S82: low conc. | T82: 0 | U82: Report | V82: - | W82: - | X82: - | Y82: - | Z82: - | AA82: 4A1791_T_MB_S2
B83: 0 | C83: 4A1792 | D83: Maria Mayorga | E83: 40 | F83: Female | G83: TZIN05530 | H83: CON | Q83: 0 | R83: YES | S83: low conc. | T83: 0 | U83: Report | V83: - | W83: - | X83: - | Y83: - | Z83: - | AA83: 4A1792_T_MB_S3
B84: 0 | C84: 4A1793 | D84: Tania Ryopponen | E84: 41 | F84: Female | G84: TZIN05531 | H84: CON | Q84: 0 | R84: YES | S84: low conc. | T84: 0 | U84: Report | V84: - | W84: - | X84: - | Y84: - | Z84: - | AA84: 4A1793_T_MB_S4
B85: 0 | C85: 4A1794 | D85: Sayali Shetty | E85: 35 | F85: Female | G85: EBPL03391 | H85: CON | Q85: 0 | R85: YES | S85: low conc. | T85: 0 | U85: Report | V85: - | W85: - | X85: - | Y85: - | Z85: - | AA85: 4A1794_T_MB_S5
B86: 0 | C86: 4A1795 | D86: Mikkel Draebye | E86: 58 | F86: Male | G86: EBPL0544 | H86: Benign | M86: Melanoma | Q86: 45988 | R86: YES | S86: low conc. | T86: 0 | U86: Report | V86: - | W86: - | X86: - | Y86: - | Z86: - | AA86: 4A1795_T_MB_S6
C87: 3A0594 | D87: Gaurri Kothare | E87: 43 | F87: Female | G87: G000048 | H87: CON | R87: YES | S87: low conc. | U87: #N/A | V87: #N/A | W87: #N/A | Z87: #N/A
C88: 3A0710 | D88: Mohd Sharukh Varyala | E88: 31 | F88: Male | G88: M000009 | H88: CON | Q88: #N/A | R88: YES | S88: LOW DIN | Z88: #N/A
C89: 3A0712 | D89: Lobhesh Borade | E89: 33 | F89: Male | G89: L000030 | H89: CON | Q89: #N/A | R89: YES | S89: LOW DIN | Z89: #N/A
C90: 4A0028 | D90: Sameer Shaikh | E90: 50 | F90: Male | G90: S000528 | H90: CON | R90: YES | S90: low conc. | Z90: #N/A
C91: 4A0051 | D91: Rajaram Mirkute | E91: 56 | F91: Male | G91: R000226 | H91: ND | R91: YES | S91: low conc. | Z91: #N/A
C92: 4A0058 | D92: Pramod Kabadi | E92: 57 | F92: Male | G92: P000154 | H92: ND | R92: YES | S92: low conc. | Z92: -
C93: 4A0061 | D93: Devanand Bhagatkar | E93: 50 | F93: Male | G93: D000111 | H93: ND | R93: YES | S93: low conc. | Z93: #N/A
C94: 4A0035 | D94: Mansi Sawant | H94: ND | S94: NO DNA | Z94: #N/A
C95: 4A0036 | D95: Roheet Khambe | H95: ND | S95: NO DNA | Z95: #N/A
C96: 4A0003 | D96: Tina Kapoor | H96: ND | S96: NO DNA | Z96: #N/A
C97: 4A0010 | D97: Ketan Thakkar | H97: ND | S97: NO DNA | Z97: #N/A
C98: 4A0014 | D98: Patil Raju | H98: ND | J98: Spect Lab | K98: GI (Stomach, Neuroendocrine Tumor) | L98: Stomach cancer | S98: NO DNA | Z98: #N/A

Sheet CONTROL
A1: Sample | B1: Age (1-30) | D1: Sample | E1: Age (30-60) | G1: Sample | H1: Age (60+)
A2: 3A0326 | B2: 25 | D2: 6 | E2: 50 | G2: 1A0061 | H2: 63
A3: 3A0454 | B3: 27 | D3: 1A0027 | E3: 45 | G3: 1A0166 | H3: 62
A4: 3A0723 | B4: 26 | D4: 1A0041 | E4: 52 | G4: 2A0087 | H4: 64
A5: 4A0492 | B5: 18 | D5: 1A0154 | E5: 38 | G5: 2A0057 | H5: 62
A6: 4A0122 | B6: 30 | D6: 1A0169 | E6: 35 | G6: 3A0700 | H6: 67
A7: 4A1114 | B7: 22 | D7: 1A0168 | E7: 37 | G7: 3A0753 | H7: 68
A8: 4A0603 | B8: 22 | D8: 1A0159 | E8: 35 | G8: 3A1288 | H8: 64
A9: 4A0431 | B9: 23 | D9: 1A0155 | E9: 50 | G9: 3A1081 | H9: 77
A10: 4A0430 | B10: 23 | D10: 1A0347 | E10: 52 | G10: 4A0607 | H10: 70
A11: 4A0460 | B11: 23 | D11: 1A0348 | E11: 55 | G11: 4A0857 | H11: 76
A12: 4A0432 | B12: 25 | D12: 1A0458 | E12: 42 | G12: 4A0179 | H12: 76
A13: 4A0576 | B13: 29 | D13: 1A0459 | E13: 47 | G13: 4A0181 | H13: 64
A14: 4A0526 | B14: 24 | D14: 2A0027 | E14: 57 | G14: 4A0202 | H14: 72
... A55: 3A0725 | B55: 23 | D55: 4A0309 | E55: 33 | G55: 5A0183 | H55: 70
A56: 3A0726 | B56: 18 | D56: 4A0602 | E56: 36
A57: 3A0834 | B57: 20 | D57: 4A0511 | E57: 57
A58: 3A0853 | B58: 20 | D58: 4A0528 | E58: 32
A59: 3A1326 | B59: 28 | D59: 4A0506 | E59: 45
A60: 3A1335 | B60: 24 | D60: 1A0035 | E60: 53
A61: 3A1338 | B61: 21 | D61: 2A0809 | E61: 50
A62: 4A0012 | B62: 19 | D62: 3A1071 | E62: 42
A63: 4A0013 | B63: 27 | D63: 3A1205 | E63: 33
A64: 4A0031 | B64: 23 | D64: 4A0150 | E64: 41
A65: 4A0033 | B65: 29 | D65: 4A0136 | E65: 33
A66: 4A0040 | B66: 29 | D66: 4A1009 | E66: 53
A67: 4A0042 | B67: 22 | D67: 4A0178 | E67: 39
... A120: 5A0158 | B120: 25 | D120: 4A1234 | E120: 58
D121: 4A1412 | E121: 57
D122: 4A1439 | E122: 37
D123: 4A1441 | E123: 59
D124: 4A1533 | E124: 47
D125: 2A0668 | E125: 40
D126: 3A0713 | E126: 32
D127: 3A0705 | E127: 31
D128: 3A0706 | E128: 34
D129: 3A0707 | E129: 33
D130: 3A0708 | E130: 32
D131: 3A0714 | E131: 32
D132: 3A0716 | E132: 35
... D258: 5A0182 | E258: 42

Sheet COT
A1: Sample | B1: Age(1-30) | D1: Sample | E1: Age(30-60) | G1: Sample | H1: Age(60+)
A2: 1A0157 | B2: 29 | D2: 1A0162 | E2: 43 | G2: 4A0725 | H2: 73
A3: 1A0258 | B3: 26 | D3: 2A0214 | E3: 39 | G3: 1A0044 | H3: 86
A4: 2A0191 | B4: 26 | D4: 5 | E4: 60 | G4: 1A0422 | H4: 62
A5: 1A0429 | B5: 21 | D5: 1A0156 | E5: 48 | G5: 1A0436 | H5: 72
D6: 1A0329 | E6: 58 | G6: 1A0466 | H6: 70
D7: 1A0388 | E7: 38 | G7: 1A0474 | H7: 65
D8: 1A0424 | E8: 52 | G8: 1A0447 | H8: 71
D9: 1A0506 | E9: 52 | G9: 1A0525 | H9: 70
D10: 2A0094 | E10: 59 | G10: 2A0049 | H10: 72
D11: 2A0097 | E11: 36 | G11: 2A0098 | H11: 75
D12: 2A0157 | E12: 38 | G12: 2A0115 | H12: 75
D13: 2A0169 | E13: 49 | G13: 2A0127 | H13: 69
D14: 2A0187 | E14: 52 | G14: 2A0166 | H14: 65
D15: 2A0202 | E15: 57 | G15: 2A0185 | H15: 72
D16: 2A0334 | E16: 59 | G16: 2A0203 | H16: 71
D17: 3A0074 | E17: 54 | G17: 2A0293 | H17: 65
... D32: 4A1052 | E32: 43 | G32: 3A0407 | H32: 72
D33: 4A1643 | E33: 52 | G33: 4 | H33: 65
D34: 1A0431 | E34: 46 | G34: 4A0153 | H34: 79
D35: 1A0437 | E35: 50 | G35: 4A1339 | H35: 70
D36: 1A0446 | E36: 53 | G36: 4A1446 | H36: 78
D37: 1A0450 | E37: 53 | G37: 2A0010 | H37: 65
G38: 1A0452 | H38: 62
G39: 1A0469 | H39: 68
G40: 1A0477 | H40: 62

Sheet CTN
A1: Sample | B1: Age(1-30) | D1: Sample | E1: Age (30-60) | G1: Sample | H1: Age(60+)
A2: 2A0319 | B2: 27 | D2: 1A0478 | E2: 55 | G2: 2A0004 | H2: 74
A3: 3A0850 | B3: 27 | D3: 1A0486 | E3: 41 | G3: 2A0168 | H3: 69
D4: 2A0126 | E4: 48 | G4: 2A0335 | H4: 61
D5: 2A0144 | E5: 31 | G5: 2A1172 | H5: 64
D6: 2A0263 | E6: 45 | G6: 3A0814 | H6: 62
D7: 2A0270 | E7: 40 | G7: 3A0861 | H7: 76
D8: 2A0287 | E8: 42 | G8: 3A1291 | H8: 77
D9: 2A0305 | E9: 57 | G9: 3A1253 | H9: 67
D10: 2A0330 | E10: 41 | G10: 3A1264 | H10: 72
D11: 2A0373 | E11: 52 | G11: 3A1270 | H11: 71
D12: 2A0593 | E12: 52 | G12: 3A1280 | H12: 70
D13: 1A0518 | E13: 38 | G13: 3A1301 | H13: 68
D14: 2A0662 | E14: 44 | G14: 3A1305 | H14: 64
D15: 2A1171 | E15: 44 | G15: 3A1321 | H15: 61
... D47: 1A0463 | E47: 42 | G47: 5A0261 | H47: 65
D48: 4A1559 | E48: 46
D49: 4A1740 | E49: 43
D50: 4A1600 | E50: 42
D51: 4A1618 | E51: 60
D52: 4A1992 | E52: 43
D53: 5A0257 | E53: 37
D54: 5A0260 | E54: 45

Sheet CS
A1: Sample | B1: Age(1-30) | D1: Sample | E1: Age(30-60) | G1: Sample | H1: Age(60+)
A2: 1A0449 | B2: 22 | D2: 4A0383 | E2: 32 | G2: 1A0487 | H2: 66
A3: 2A0153 | B3: 27 | D3: 3A0740 | E3: 53 | G3: 3A0229 | H3: 67
A4: 2A1158 | B4: 26 | D4: 8 | E4: 55 | G4: 1A0375 | H4: 72
A5: 1A0099 | B5: 26 | D5: 1A0136 | E5: 49 | G5: 2A0005 | H5: 66
D6: 1A0457 | E6: 48 | G6: 2A0292 | H6: 61
D7: 1A0476 | E7: 44 | G7: 2A0301 | H7: 72
D8: 2A0290 | E8: 33 | G8: 2A0635 | H8: 61
D9: 2A0336 | E9: 54 | G9: 2A0737 | H9: 69
D10: 2A0705 | E10: 55 | G10: 3A0060 | H10: 63
D11: 2A0370 | E11: 50 | G11: 3A1150 | H11: 72
D12: 2A0399 | E12: 53 | G12: 3A0721 | H12: 65
D13: 4A1100 | E13: 60 | G13: 4A0450 | H13: 72
D14: 3A0064 | E14: 32 | G14: 4A1653 | H14: 73
D15: 4A0115 | E15: 35 | G15: 4A0303 | H15: 69
D16: 4A1433 | E16: 49 | G16: 3A1085 | H16: 75
D17: 4A1705 | E17: 53 | G17: 4A0654 | H17: 71
D18: 4A0441 | E18: 52 | G18: 2A1235 | H18: 73
D19: 3A0855 | E19: 41
D20: 4A1617 | E20: 55

Sheet Cohort
AN4: ``````````````````````````````````````````````````````
B5: Mibiome | C5: \\10.10.2.7\Genome-Data\Mibiome\2025\Pipeline_results | AE5: 1A0133 | AF5: CAN | AG5: case level not known | AH5: 1A0093 | AI5: CAN | AJ5: case level not known
A6: Mibiome | B6: \\10.10.2.7\Genome-Data\Mibiome\2025\Pipeline_results | AD6: 1A0133 | AE6: CAN | AF6: case level not known | AG6: 1A0093 | AH6: CAN | AI6: case level not known
A7: Medgenome | B7: \\EPIGENERESLABS\MedGenome\AOBOnco_data analysis\Exome_Results\NGS_FE_Results_EBPL\Exome somatic re-run_FEB13 | AD7: 1A0364 | AE7: CAN | AF7: case level not known | AG7: 1A0161 | AH7: CAN | AI7: case level not known
AD8: 1A0383 | AE8: CAN | AF8: case level not known | AG8: 1A0163 | AH8: CAN | AI8: case level not known
A10: CONTROLS=257 | K10: CTN=77 | U10: COT=67 | AE10: CS=42 | AN10: HR= 20 | AW10: Benign | BF10: DIABETES=71
A11: Sr.no | B11: AOB ID | C11: SAMPLE ID | D11: NAME | E11: AGE | F11: Gender | G11: EXOME RE-RUN BY APARNA | H11: GB (OG/TD) | K11: Sr.no | L11: AOB ID | M11: SAMPLE ID | N11: NAME | O11: AGE | P11: Gender | Q11: EXOME RE-RUN BY APARNA | R11: GB (OG/TD) | U11: Sr.no | V11: AOB ID | W11: SAMPLE ID | X11: NAME | Y11: AGE | Z11: Gender | AA11: EXOME RE-RUN BY APARNA | AB11: GB (OG/TD) | AE11: Sr.no | AF11: AOB ID | AG11: SAMPLE ID | AH11: NAME | AI11: AGE | AJ11: Gender | AK11: EXOME RE-RUN BY APARNA | AL11: GB (OG/TD) | AN11: Sr.no | AO11: AOB ID | AP11: SAMPLE ID | AQ11: NAME | AR11: AGE | AS11: Gender | AT11: EXOME RE-RUN BY APARNA | AU11: GB (OG/TD) | AW11: Sr.no | AX11: AOB ID | AY11: SAMPLE ID | AZ11: NAME | BA11: AGE | BB11: Gender | BC11: EXOME RE-RUN BY APARNA | BD11: GB (OG/TD) | BF11: Sr.no | BG11: AOB ID | BH11: SAMPLE ID | BI11: NAME | BJ11: AGE | BK11: Gender | BL11: EXOME RE-RUN BY APARNA | BM11: GB (OG/TD)
A12: 1 | B12: 6 | C12: 6 | D12: Sujay | E12: 50 | F12: Male | H12: 122.16 (18.44) | K12: 1 | L12: 61 | M12: 1A0478 | N12: Bharatbai Kamble | O12: 55 | P12: Female | R12: 71.26 (10.6) | U12: 1 | W12: 4A0725 | X12: Suryakant Dabilkar | Y12: 73 | Z12: Male | AB12: 66.22 (9.8) | AE12: 1 | AG12: 4A0383 | AH12: Soumya Sahoo | AI12: 32 | AJ12: Male | AL12: 84.56 (12.6) | AN12: 1 | AO12: 144 | AP12: 2A0623 | AQ12: V Krishnan | AR12: 50 | AS12: Male | AU12: 70.34 (10.6) | AW12: 1 | AX12: 166 | AY12: 2A1063 | AZ12: Ravikant Ruia | BA12: 74 | BB12: Male | BD12: 61.67 (9.2) | BF12: 1 | BG12: 249 | BH12: 3A1093 | BI12: Kavita Singh | BJ12: 59 | BK12: Female | BM12: 69.64 (10.4)
A13: 2 | B13: 9 | C13: 1A0027 | D13: Jyoti Pujari | E13: 45 | F13: Female | H13: 79.99 (12) | K13: 2 | L13: 67 | M13: 1A0486 | N13: Meena Malekar | O13: 41 | P13: Female | R13: 73.9 (11) | U13: 2 | V13: 28 | W13: 1A0157 | X13: Soumya Sahoo | Y13: 29 | Z13: Male | AB13: 73.47 (11) | AE13: 2 | AF13: 68 | AG13: 1A0487 | AH13: Jayant Bapat | AI13: 66 | AJ13: Male | AL13: 77.37 (11.6) | AN13: 2 | AO13: 397 | AP13: 3A1323 | AQ13: Varun Sethia | AR13: 22 | AS13: Male | AU13: 195.25 (29.2) | AW13: 2 | AX13: 167 | AY13: 2A1100 | AZ13: Madhu Ruia | BA13: 68 | BB13: Female | BD13: 78.99 (11.8) | BF13: 2 | BG13: 31 | BH13: 3A1248 | BI13: Ashish Gupta | BJ13: 26 | BK13: Male | BM13: 79.48 (12)
A14: 3 | B14: 11 | C14: 1A0029 | D14: Priya Parsekar | E14: >45 | F14: Female | H14: 81.29 (12.2) | K14: 3 | L14: 76 | M14: 2A0004 | N14: Ramesh Uttarkar | O14: 74 | P14: Male | R14: 62.65 (9.4) | U14: 3 | V14: 3 | W14: 1A0162 | X14: Pankaj Singh | Y14: 43 | Z14: Male | AB14: 50.49 (7.6) | AE14: 3 | AF14: 28 | AG14: 3A0740 | AH14: V Krishnan | AI14: 53 | AJ14: Male | AL14: 85.38 (12.8) | AN14: 3 | AO14: 361 | AP14: 3A1347 | AQ14: Saba Khan | AR14: 56 | AS14: Female | AU14: - | AW14: 3 | AX14: 19 | AY14: 3A0350 | AZ14: Dheeraj Ahluwalia | BA14: 56 | BB14: Male | BD14: 62.6 (9.4) | BF14: 3 | BH14: 4A0425 | BI14: Mallika Dahiya | BJ14: 28 | BK14: Female | BM14: 97.37 (14.6)
A15: 4 | B15: 14 | C15: 1A0041 | D15: Neepa dalal | E15: 52 | F15: Female | H15: 77.41 (11.6) | K15: 4 | L15: 83 | M15: 2A0126 | N15: Yuvraj Paradhe | O15: 48 | P15: Male | R15: 90.18 () | U15: 4 | V15: 114 | W15: 2A0214 | X15: Ramrao Bamgar | Y15: 39 | Z15: Male | AB15: 62.36 (9.4) | AE15: 4 | AF15: 188 | AG15: 3A0229 | AH15: Bennu Sehgal | AI15: 67 | AJ15: Female | AL15: 160.69 (24.2) | AN15: 4 | AP15: 2A1236 | AQ15: Navin Alahari | AR15: 60 | AS15: Male | AU15: 67.09 (10) | AW15: 4 | AX15: 276 | AY15: 3A1167 | AZ15: Mahesh Agrawal | BA15: 73 | BB15: Male | BD15: 155.86 (23.4) | BF15: 4 | BH15: 4A0468 | BI15: Ruhi Baig | BJ15: 43 | BK15: Female | BM15: 100.56 (15)
A16: 5 | B16: 24 | C16: 1A0061 | D16: Rita Gurwada | E16: 63 | F16: Female | H16: 59.75 (9) | K16: 5 | L16: 99 | M16: 2A0144 | N16: Vijay Mhalagi | O16: 31 | P16: Male | R16: 73.96 () | U16: 5 | W16: 5 | X16: M Venugopal | Y16: 60 | Z16: Male | AE16: 5 | AG16: 8 | AH16: Sanjay Waghani | AI16: 55 | AJ16: Male | AL16: 83.48 (12.6) | AW16: 5 | AX16: 359 | AY16: 3A1342 | AZ16: Komal Dharmani | BA16: 44 | BB16: Female | BD16: 76.31 (11.4) | BF16: 5 | BH16: 4A0873 | BI16: Ryan Patel | BJ16: 20 | BK16: Male | BM16: 74.56 (11.2)
A17: 6 | B17: 27 | C17: 1A0154 | D17: Kapil Agarwal | E17: 38 | F17: Male | H17: 56.16 (8.4) | K17: 6 | L17: 16 | M17: 2A0168 | N17: Bhima Nana Rankhambe | O17: 69 | P17: Male | R17: 67.86 (10.2) | U17: 6 | V17: 15 | W17: 1A0044 | X17: Pushpa Shah | Y17: 86 | Z17: Female | AB17: 78.49 (11.8) | AE17: 6 | AF17: 19 | AG17: 1A0136 | AH17: Shilpa Luharuka | AI17: 49 | AJ17: Female | AL17: 52.9 (7.8) | AV17: R | AW17: 6 | AY17: 4A0652 | AZ17: Sunanda Kadam | BA17: 76 | BB17: Female | BD17: 75.94 (11.4) | BF17: 6 | BH17: 4A0918 | BI17: Zainab Patel | BJ17: 46 | BK17: Female | BM17: 78.37 (11.8)
A18: 7 | B18: 32 | C18: 1A0166 | D18: Leela E. Shinde | E18: 62 | F18: Female | H18: 73.19 (11) | K18: 7 | L18: 115 | M18: 2A0263 | N18: Anjali Jadhav | O18: 45 | P18: Female | R18: 100.68 (15.2) | U18: 7 | V18: 33 | W18: 1A0258 | X18: Laxmi Singh | Y18: 26 | Z18: Female | AB18: 73.19 (11) | AE18: 7 | AF18: 46 | AG18: 1A0375 | AH18: Shashikant Chitale | AI18: 72 | AJ18: Male | AL18: 74.96 (11.2) | AW18: 7 | AY18: 4A1001 | AZ18: Shivam Singh | BA18: 33 | BB18: Male | BD18: 86.38 (13) | BF18: 7 | BH18: 4A0935 | BI18: Shabina Patel | BJ18: 46 | BK18: Female | BM18: 60.96 (9.2)
A19: 8 | B19: 34 | C19: 1A0169 | D19: Nitu Kumari | E19: 35 | F19: Female | H19: 66.55 (10) | K19: 8 | L19: 116 | M19: 2A0270 | N19: Sham Bansi Dhar | O19: 40 | P19: Male | R19: 100.75 (15.2) | U19: 8 | V19: 35 | W19: 1A0156 | X19: Amrita Raina Kachroo | Y19: 48 | Z19: Female | AB19: 63.79 (9.6) | AE19: 8 | AF19: 55 | AG19: 1A0457 | AH19: Feroz Shaikh | AI19: 48 | AJ19: Male | AL19: 78.55 (11.8) | AW19: 8 | AX19: 198 | AY19: 3A0534 | AZ19: Anand Hinduja | BA19: 40 | BB19: Male | BD19: 142.27 (21.4) | BF19: 8 | BH19: 4A0433 | BI19: Gurpreet Pande | BJ19: 29 | BK19: Female | BM19: 87.23 (13)
A20: 9 | B20: 36 | C20: 1A0168 | D20: Pramod Shinde | E20: 37 | F20: Male | H20: 59.43 (8.8) | K20: 9 | L20: 117 | M20: 2A0287 | N20: Sangeeta Parkhande | O20: 42 | P20: Female | R20: 69.98 (10.4) | U20: 9 | V20: 42 | W20: 1A0329 | X20: Rahee Joshi | Y20: 58 | Z20: Female | AB20: 77.25 (11.6) | AE20: 9 | AF20: 63 | AG20: 1A0476 | AH20: Kalpana Bandal | AI20: 44 | AJ20: Female | AL20: 67.75 (10.2) | AW20: 9 | AX20: 16 | AY20: 1A0186 | AZ20: Gautami Dhuri | BA20: 24 | BB20: Female | BD20: 78.77 (11.8) | BF20: 9 | BH20: 4A0020 | BI20: Percy Daruwalla​ | BJ20: 78 | BK20: Male | BM20: 194.52 (29)
A21: 10 | B21: 37 | C21: 1A0159 | D21: Satish Shukla | E21: 35 | F21: Male | H21: 73.78 (11) | K21: 10 | L21: 122 | M21: 2A0305 | N21: Bhanudas Lashkar | O21: 57 | P21: Male | R21: 97.84 (14.6) | U21: 10 | V21: 48 | W21: 1A0388 | X21: Shivshankar Vibhute | Y21: 38 | Z21: Male | AB21: 71.04 (10.6) | AE21: 10 | AF21: 64 | AG21: 1A0449 | AH21: Gaurav Jaiswal | AI21: 22 | AJ21: Male | AL21: 71.42 (10.6) | AW21: 10 | AX21: 25 | AY21: 1A0116 | AZ21: Sagar Chhabria | BA21: 34 | BB21: Male | BD21: 61.01 (9.2) | BF21: 10 | BH21: 4A0745 | BI21: Vivek Mathur | BJ21: 63 | BK21: Male | BM21: 62.27 (9.4)
A22: 11 | B22: 38 | C22: 1A0155 | D22: Rohit Kachroo | E22: 50 | F22: Male | H22: 75.18 (11.2) | K22: 11 | L22: 123 | M22: 2A0319 | N22: Ranjendra Salunkhe | O22: 27 | P22: Male | R22: 110.43 (16.6) | U22: 11 | V22: 51 | W22: 1A0422 | X22: Sunita Kamble | Y22: 62 | Z22: Female | AB22: 69.64 (10.4) | AE22: 11 | AF22: 66 | AG22: 2A0005 | AH22: Manekrao Madhavrao Solankhi | AI22: 66 | AJ22: Male | AL22: 61.92 (9.2) | AW22: 11 | AY22: 4A0435 | AZ22: Shruti Dutta | BA22: 45 | BB22: Female | BD22: 67.12 (10) | BF22: 11 | BG22: 238 | BH22: 3A1072 | BI22: Jaysleen Kaur | BJ22: 40 | BK22: Female | BM22: 62.07 (9.2)
A23: 12 | B23: 43 | C23: 1A0347 | D23: V Krishnan | E23: 52 | F23: Male | H23: 72.92 (11) | K23: 12 | L23: 124 | M23: 2A0330 | N23: Renuka Kambale | O23: 41 | P23: Female | R23: 76.59 (11.4) | U23: 12 | V23: 52 | W23: 1A0424 | X23: Rajeshwari Moral | Y23: 52 | Z23: Female | AB23: 52.6 (7.8) | AE23: 12 | AF23: 11 | AG23: 2A0153 | AH23: Imran Shaikh | AI23: 27 | AJ23: Male | AL23: 81.13 (12.2) | AW23: 12 | AX23: 193 | AY23: 3A0459 | AZ23: Ishpal Oberoi | BA23: 41 | BB23: Male | BD23: 149.25 () | BF23: 12 | BG23: 239 | BH23: 3A1073 | BI23: Anushree Shah | BJ23: 32 | BK23: Female | BM23: 58.9 (8.8)
A24: 13 | B24: 44 | C24: 1A0348 | D24: Aparna | E24: 55 | F24: Female | H24: 53.31 (8) | K24: 13 | L24: 127 | M24: 2A0335 | N24: Nitin Shah | O24: 61 | P24: Male | R24: 69.23 () | U24: 13 | V24: 53 | W24: 1A0436 | X24: Deepak Merchant | Y24: 72 | Z24: Male | AB24: 83.22 (12.4) | AE24: 13 | AF24: 118 | AG24: 2A0290 | AH24: Pawan Yeotikar | AI24: 33 | AJ24: Male | AL24: 61.27 (9.2) | AW24: 13 | AY24: 4A0778 | AZ24: Ajay Sekhri | BA24: 70 | BB24: Male | BD24: 72.62 (10.8) | BF24: 13 | BG24: 24 | BH24: 3A1076 | BI24: Arun Mohan | BJ24: 39 | BK24: Male | BM24: 52.82 (7.8)
A25: 14 | B25: 56 | C25: 1A0458 | D25: Gunjan Bajpai | E25: 42 | F25: Female | H25: 39.11 (5.8) | K25: 14 | L25: 132 | M25: 2A0373 | N25: Anita Sanap | O25: 52 | P25: Female | R25: 91.05 (13.6) | U25: 14 | V25: 59 | W25: 1A0466 | X25: Swati A Shah | Y25: 70 | Z25: Female | AB25: 54.56 (8.2) | AE25: 14 | AF25: 119 | AG25: 2A0292 | AH25: Dhananjay Mulay | AI25: 61 | AJ25: Male | AL25: 67.45 (10) | AW25: 14 | AX25: 45 | AY25: 3A1281 | AZ25: Ranwade Nirmala | BA25: 57 | BB25: Female | BD25: 88.6 (13.2) | BF25: 14 | BG25: 25 | BH25: 3A1089 | BI25: Atul Shah | BJ25: 60 | BK25: Male | BM25: 57.53 (8.6)
A26: 15 | B26: 57 | C26: 1A0459 | D26: Amit Bajpai | E26: 47 | F26: Male | H26: 87.84 (13.2) | K26: 15 | L26: 142 | M26: 2A0593 | N26: Milind Dhulekar | O26: 52 | P26: Male | R26: 102.94 (15.4) | U26: 15 | V26: 6 | W26: 1A0474 | X26: Vimla Mishra | Y26: 65 | Z26: Female | AB26: 75.93 (11.4) | AE26: 15 | AF26: 121 | AG26: 2A0301 | AH26: Anuradha Bramhe | AI26: 72 | AJ26: Female | AL26: 56.79 (8.4) | AW26: 15 | AY26: 4A0022 | AZ26: Manali Sawant | BA26: 46 | BB26: Female | BD26: 74.49 (11.2) | BF26: 15 | BG26: 252 | BH26: 3A1106 | BI26: Devang Nagarsheth | BJ26: 60 | BK26: Male | BM26: 56.22 (8.4)
A27: 16 | B27: 77 | C27: 2A0027 | D27: Meena Sawant | E27: 57 | F27: Female | H27: 56.56 (8.4) | K27: 16 | L27: 72 | M27: 1A0518 | N27: Shivaji Pawar | O27: 38 | P27: Male | R27: 78.27 (11.8) | U27: 16 | V27: 62 | W27: 1A0447 | X27: Kamlabai Dokrar | Y27: 71 | Z27: Female | AB27: 55.13 (8.2) | AE27: 16 | AF27: 128 | AG27: 2A0336 | AH27: Ram Bembade | AI27: 54 | AJ27: Male | AL27: 70.16 () | AW27: 16 | AY27: 4A0032 | AZ27: Priyanka Khambe | BA27: 33 | BB27: Female | BD27: 83.49 (12.6) | BF27: 16 | BG27: 28 | BH27: 3A1151 | BI27: Azhar Khan | BJ27: 35 | BK27: Male | BM27: 96.11 (14.4)
A28: 17 | B28: 91 | C28: 2A0087 | D28: Dr G. S. Toteja | E28: 64 | F28: Male | H28: 103.48 () | K28: 17 | L28: 154 | M28: 2A0662 | N28: Namitha A. Kumar | O28: 44 | P28: Female | R28: 68.43 (10.2) | U28: 17 | V28: 7 | W28: 1A0506 | X28: Mahadev Bhalerao | Y28: 52 | Z28: Male | AB28: 66.1 (9.8) | AE28: 17 | AF28: 153 | AG28: 2A0635 | AH28: Roopmala Agarwal | AI28: 61 | AJ28: Female | AL28: no raw data | AW28: 17 | AY28: 4A0155 | AZ28: Ashish Dandekar | BA28: 47 | BB28: Male | BD28: 91.47 (13.8) | BF28: 17 | BG28: 281 | BH28: 3A1152 | BI28: Adnan Khan | BJ28: 33 | BK28: Male | BM28: 93.89 (14)
A29: 18 | B29: 136 | C29: 2A0440 | D29: Neha Ajay Hirlekar | E29: 39 | F29: Female | H29: 79.14 (11.8) | K29: 18 | L29: 171 | M29: 2A1171 | N29: Hetal More | O29: 44 | P29: Female | R29: 61.24 (9.2) | U29: 18 | V29: 73 | W29: 1A0525 | X29: Haranbai Maruti Pawar | Y29: 70 | Z29: Female | AB29: 93.93 (14) | AE29: 18 | AF29: 157 | AG29: 2A0705 | AH29: Sarita Shetty | AI29: 55 | AJ29: Female | AL29: 69.53 (10.4) | AW29: 18 | AY29: 4A0521 | AZ29: Shabanam Shaikh | BA29: 40 | BB29: Female | BD29: 82.24 (12.4) | BF29: 18 | BG29: 282 | BH29: 3A1153 | BI29: Anjum Ahmed | BJ29: 38 | BK29: Female | BM29: 95.42 (14.4)
A30: 19 | B30: 89 | C30: 2A0057 | D30: Amruta Ghag | E30: 62 | F30: Female | H30: 68.68 (10.2) | K30: 19 | L30: 172 | M30: 2A1172 | N30: Sudhakar Patil | O30: 64 | P30: Male | R30: 60.39 (9) | U30: 19 | V30: 88 | W30: 2A0049 | X30: Janabai Jogdand | Y30: 72 | Z30: Female | AB30: 72.02 () | AE30: 19 | AF30: 16 | AG30: 2A0737 | AH30: Vinod Padia | AI30: 69 | AJ30: Male | AL30: 66 (9.8) | AW30: 19 | AX30: 155 | AY30: 4A0531 | AZ30: Nitu Jha | BA30: 38 | BB30: Female | BD30: 85.38 (12.8) | BF30: 19 | BG30: 283 | BH30: 3A1177 | BI30: Preeti Punamiya | BJ30: 41 | BK30: Female | BM30: 87.78 (13.2)
A31: 20 | B31: 161 | C31: 2A0760 | D31: Radhika Radia | E31: 46 | F31: Female | H31: 59.6 (8.8) | K31: 20 | L31: 175 | M31: 2A1209 | N31: Waseem Ahmed | O31: 39 | P31: Male | R31: 73.49 (11) | U31: 20 | V31: 93 | W31: 2A0094 | X31: Jayavant Patil | Y31: 59 | Z31: Male | AB31: 97.76 () | AE31: 20 | AF31: 17 | AG31: 2A1158 | AH31: Mitesh Kothari | AI31: 26 | AJ31: Male | AL31: 55.95 (8.4) | AW31: 20 | AY31: 4A0456 | AZ31: Sanjay Bidwe | BA31: 41 | BB31: Male | BD31: 88 (13.2) | BF31: 20 | BG31: 284 | BH31: 3A1178 | BI31: Rais Ghalte | BJ31: 35 | BK31: Male | BM31: 70.71 (10.6)
A32: 21 | B32: 163 | C32: 2A0810 | D32: Bhavna Roy | E32: 56 | F32: Female | H32: 57.19 (8.6) | K32: 21 | L32: 196 | M32: 3A0479 | N32: V Krishnan | O32: 52 | P32: Male | R32: 175.25 (26.4) | U32: 21 | V32: 94 | W32: 2A0097 | X32: Rushikesh Mhatre | Y32: 36 | Z32: Male | AB32: 82.05 () | AE32: 21 | AF32: 184 | AG32: 3A0060 | AH32: Partha Paul | AI32: 63 | AJ32: Male | AL32: 100.43 (15) | AW32: 21 | AY32: 3A0690 | AZ32: Disha Shinde | BA32: 29 | BB32: Female | BD32: 88.17 (13.2) | BF32: 21 | BG32: 285 | BH32: 3A1190 | BI32: Feroza Khan | BJ32: 32 | BK32: Female | BM32: 56.82 (8.4)
A33: 22 | B33: 189 | C33: 3A0326 | D33: Kavita Nalawade | E33: 25 | F33: Female | H33: 61.28 (9.2) | K33: 22 | L33: 22 | M33: 3A0689 | N33: Hamid Iqbal | O33: 39 | P33: Male | R33: 74.08 (11) | U33: 22 | V33: 95 | W33: 2A0098 | X33: Juleka Tamboli | Y33: 75 | Z33: Female | AB33: 88.38 () | AE33: 22 | AF33: 279 | AG33: 3A1150 | AH33: Vijay Joshi | AI33: 72 | AJ33: Male | AL33: 78.21 (11.8) | AW33: 22 | AY33: 4A0158 | AZ33: Vaishali Albur | BA33: 48 | BB33: Female | BD33: 70.67 (10.6) | BF33: 22 | BG33: 286 | BH33: 3A1191 | BI33: Rajesh Chaturvedi | BJ33: 70 | BK33: Male | BM33: 67.94 (10.2)
A34: 23 | B34: 192 | C34: 3A0454 | D34: Mehar Bajaj | E34: 27 | F34: Female | H34: 156.79 (23.6) | K34: 23 | L34: 23 | M34: 3A0693 | N34: Abdul Barbhuiya | O34: 52 | P34: Male | R34: 63.52 (9.4) | U34: 23 | V34: 96 | W34: 2A0115 | X34: Mahadev Kanse | Y34: 75 | Z34: Male | AB34: 81.43 () | AE34: 23 | AG34: 2A0370 | AH34: Anjana Vanire | AI34: 50 | AJ34: Female | AL34: 82.4 (12.4) | AW34: 23 | AY34: 4A0177 | AZ34: Babulal Limbavat | BA34: 61 | BB34: Male | BD34: 68.94 (10.4) | BF34: 23 | BG34: 293 | BH34: 3A1235 | BI34: Affan Arif | BJ34: 28 | BK34: Male | BM34: 61.79 (9.2)
A35: 24 | B35: 21 | C35: 3A0631 | D35: Nirali Gurwada | E35: 40 | F35: Female | H35: 193.85 (29.2) | K35: 24 | L35: 27 | M35: 3A0728 | N35: Ruksana Bee | O35: 36 | P35: Female | R35: 70.57 (10.6) | U35: 24 | V35: 98 | W35: 2A0127 | X35: Sayaji Sahebrao Mane | Y35: 69 | Z35: Male | AB35: 82.58 () | AE35: 24 | AG35: 2A0399 | AH35: Sangita Rajaram Mane | AI35: 53 | AJ35: Female | AL35: 68.11 (10.2) | AW35: 24 | AY35: 4A0388 | AZ35: Nilakshi Nehete | BA35: 45 | BB35: Female | BD35: 70.75 (10.6) | BF35: 24 | BG35: 297 | BH35: 3A1243 | BI35: Sandip Bhattacharya | BJ35: 57 | BK35: Male | BM35: 73.57 (11)
A36: 25 | B36: 24 | C36: 3A0700 | D36: Vijay Shah | E36: 67 | F36: Male | H36: 69.62 (10.4) | K36: 25 | L36: 21 | M36: 3A0762 | N36: Salim ali Sk | O36: 54 | P36: Male | R36: 92.72 (14) | U36: 25 | V36: 13 | W36: 2A0157 | X36: Bhausaheb Sule | Y36: 38 | Z36: Male | AB36: 68.08 (10.2) | AE36: 25 | AG36: 3A0721 | AH36: Urvashi Ganatra | AI36: 65 | AJ36: Female | AL36: 86.03 (12.8) | AW36: 25 | AY36: 4A0419 | AZ36: Deepa Joshi | BA36: 52 | BB36: Female | BD36: 0 | BF36: 25 | BG36: 33 | BH36: 3A1299 | BI36: Priya Thakkar | BJ36: 51 | BK36: Female | BM36: 0
A37: 26 | B37: 25 | C37: 3A0723 | D37: Shweta Devendra | E37: 26 | F37: Female | H37: 80.46 (12) | K37: 26 | L37: 211 | M37: 3A0814 | N37: Sunil Marye | O37: 62 | P37: Male | R37: 133.12 (20) | U37: 26 | V37: 14 | W37: 2A0166 | X37: Rambhau Sutar | Y37: 65 | Z37: Male | AB37: 81.41 (12.2) | AE37: 26 | AG37: 4A0450 | AH37: Sharda Bhandari | AI37: 72 | AJ37: Female | AL37: 80.05 (12) | AW37: 26 | AY37: 4A1044 | AZ37: Neha Vohra | BA37: 43 | BB37: Female | BD37: 0 | BF37: 26 | BG37: 342 | BH37: 3A1306 | BI37: Batul Agha | BJ37: 24 | BK37: Female | BM37: 70.41 (10.6)
A38: 27 | B38: 29 | C38: 3A0753 | D38: Shailesh HariBhakti | E38: 68 | F38: Male | H38: 160.7 (24.2) | K38: 27 | L38: 224 | M38: 3A0850 | N38: Tatheer Rizvi | O38: 27 | P38: Male | R38: 17.48 (26.2) | U38: 27 | V38: 17 | W38: 2A0169 | X38: Ramdas Wadkar | Y38: 49 | Z38: Male | AB38: 93.47 (14) | AE38: 27 | AG38: 4A1100 | AH38: Reena Goyal | AI38: 60 | AJ38: Female | AL38: 72.72 (10.8) | AW38: 27 | AY38: 4A1227 | AZ38: Devanshi Soni | BA38: 25 | BB38: Female | BD38: 0 | BF38: 27 | BG38: 355 | BH38: 3A1319 | BI38: Farah Vaswani | BJ38: 47 | BK38: Female | BM38: 75.55 (11.4)
A39: 28 | B39: 213 | C39: 3A0819 | D39: Niteen Tulpule | E39: 50 | F39: Male | H39: 132.77 (20) | K39: 28 | L39: 225 | M39: 3A0861 | N39: Jateen Tanna | O39: 76 | P39: Male | R39: 158.64 (23.8) | U39: 28 | V39: 18 | W39: 2A0185 | X39: Pramila Afak | Y39: 72 | Z39: Female | AB39: 98.43 (14.8) | AE39: 28 | AF39: 17 | AG39: 1A0099 | AH39: Athira Nair | AI39: 26 | AJ39: Female | AL39: 53.17 (8) | AW39: 28 | AX39: 0 | AY39: 4A1502 | AZ39: Shubhangi Patil | BA39: 37 | BB39: Female | BD39: - | BF39: 28 | BG39: 357 | BH39: 3A1330 | BI39: Nooruddin Gadhaya | BJ39: 58 | BK39: Male | BM39: 59.29 (8.8)
A40: 29 | B40: 322 | C40: 3A1288 | D40: Shiv Nayak | E40: 64 | F40: Male | H40: 63.6 (9.6) | K40: 29 | L40: 251 | M40: 3A1100 | N40: Choudhary D.G | O40: 52 | P40: Male | R40: 136.94 (20.6) | U40: 29 | V40: 11 | W40: 2A0187 | X40: Meera Shinde | Y40: 52 | Z40: Female | AB40: 53.66 (8) | AE40: 29 | AF40: 185 | AG40: 3A0064 | AH40: Swati Sahoo | AI40: 32 | AJ40: Female | AL40: 74.9 (11.2) | AW40: 29 | AX40: 0 | AY40: 4A1508 | AZ40: Gautami Dhuri | BA40: 27 | BB40: Female | BD40: - | BF40: 29 | BH40: 4A0004 | BI40: Sandeep Das | BJ40: 57 | BK40: Male | BM40: 166.88 (25)
A41: 30 | B41: 36 | C41: 3A1343 | D41: Lalit Dharmani | E41: 49 | F41: Male | H41: 66.55 (10) | K41: 30 | L41: 263 | M41: 3A1136 | N41: Mangse Sunita | O41: 35 | P41: Female | R41: 63.03 (9.4) | U41: 30 | V41: 111 | W41: 2A0191 | X41: Kalyani Azhar | Y41: 26 | Z41: Female | AB41: 58.09 (8.6) | AE41: 30 | AG41: 4A0115 | AH41: Anisha Diwakar | AI41: 35 | AJ41: Female | AL41: 83.25 (12.4) | AW41: 30 | AX41: 4A1659B | AY41: 4A1659 | AZ41: Ashish Tripathi | BA41: 50 | BB41: Male | BD41: - | BF41: 30 | BH41: 4A0011 | BI41: Bilal Ahmed​ | BJ41: 33 | BK41: Male | BM41: 196.37 (29.4)
A42: 31 | C42: 4A0414 | D42: Arun Madhu | E42: 40 | F42: Male | H42: 66.84 (10) | K42: 31 | L42: 29 | M42: 3A1149 | N42: Alpa Togadiya | O42: 44 | P42: Female | R42: 168.29 (25.4) | U42: 31 | V42: 112 | W42: 2A0202 | X42: Vandana Zambare | Y42: 57 | Z42: Female | AB42: 54.01 (8) | AE42: 31 | AG42: 4A1433 | AH42: Shantanu Jain | AI42: 49 | AJ42: Male | AL42: 0 | AW42: 31 | AX42: 0 | AY42: 4A1805 | AZ42: Sonal Desai | BA42: 56 | BB42: Female | BD42: - | BF42: 31 | BH42: 4A0380 | BI42: Monika Vadhan | BJ42: 35 | BK42: Female | BM42: 91.28 (13.6)
A43: 32 | C43: 4A0415 | D43: Nipa Sheth | E43: 55 | F43: Female | H43: 76.71 (11.4) | K43: 32 | L43: 323 | M43: 3A1291 | N43: Himatlal Dholakia | O43: 77 | P43: Male | R43: 60.84 (9) | U43: 32 | V43: 113 | W43: 2A0203 | X43: Mohan Satpute | Y43: 71 | Z43: Male | AB43: 67.95 (10.2) | AE43: 32 | AF43: 0 | AG43: 4A1653 | AH43: Sudesh Ahuja | AI43: 73 | AJ43: Female | AL43: - | AW43: 32 | AX43: 0 | AY43: 4A1898 | AZ43: Manvi Khandelwal | BA43: 25 | BB43: Female | BD43: - | BF43: 32 | BH43: 4A0298 | BI43: Faaris Khan | BJ43: 29 | BK43: Male | BM43: 77.03 (11.6)
A44: 33 | C44: 4A0416 | D44: Beerud Sheth | E44: 54 | F44: Male | H44: 66.47 (10) | K44: 33 | L44: 15_S5 | M44: 3A1282 | N44: Bansode Pramita | O44: 45 | P44: Female | R44: 89.80​ (13.4) | U44: 33 | V44: 12 | W44: 2A0293 | X44: Kamalbai Mairat | Y44: 65 | Z44: Female | AB44: 75.76 (11.4) | AE44: 33 | AF44: 0 | AG44: 4A1705 | AH44: Faizal Khamboo | AI44: 53 | AJ44: Male | AL44: - | AW44: 33 | AX44: 197 | AY44: 3A1263 | AZ44: Ravindra Kale | BA44: 82 | BB44: Male | BD44: 77.78 (11.6) | BF44: 33 | BH44: 4A0300 | BI44: Nidhi Kedia | BJ44: 43 | BK44: Female | BM44: 89.75 (13.4)
A45: 34 | B45: 399 | C45: 3A1358 | D45: Ashish Tripathi Junior | E45: 50 | F45: Male | H45: 66.79 (10) | K45: 34 | L45: 195 | M45: 3A1253 | N45: Ghopal Nandu | O45: 67 | P45: Male | R45: 77.13 (11.6) | U45: 34 | V45: 126 | W45: 2A0334 | X45: Rajendra Shah | Y45: 59 | Z45: Male | AB45: 74.12 () | AE45: 34 | AF45: 0 | AG45: 4A0303 | AH45: Liliane Lecocq | AI45: 69 | AJ45: Female | AL45: - | AW45: 34 | AX45: 2026 | AY45: 5A0001 | AZ45: Mokksh Sani | BA45: 45 | BB45: Male | BF45: 34 | BH45: 4A0310 | BI45: Hanskumar Daulat | BJ45: 72 | BK45: Male | BM45: 86.31 (13)
A46: 35 | B46: 243 | C46: 3A1081 | D46: S. S. Bhandari | E46: 77 | F46: Male | H46: 66.44 (10) | K46: 35 | L46: 196 | M46: 3A1256 | N46: Anita Gaikwad | O46: 40 | P46: Female | R46: 85.07 (12.8) | U46: 35 | V46: 9 | W46: 2A0067 | X46: Khan A. M. | Y46: 67 | Z46: Male | AB46: 73 (11) | AE46: 35 | AF46: 00180_S30 | AG46: 4A0441 | AH46: Linda Scott | AI46: 52 | AJ46: Female | AL46: 75.59 (11.4) | BF46: 35 | BH46: 4A0350 | BI46: Shabiba Qureshi | BJ46: 33 | BK46: Female | BM46: 66.19 (9.8)
A47: 36 | C47: 4A0451 | D47: Venus Khanna | E47: 55 | F47: Female | H47: 76.42 (11.4) | K47: 36 | L47: 198 | M47: 3A1264 | N47: Mahabala Moolya | O47: 72 | P47: Male | R47: 87.43 (13.2) | U47: 36 | V47: 169 | W47: 2A1150 | X47: Navneet Anand | Y47: 70 | Z47: Male | AB47: 61.69 (9.2) | AE47: 36 | AF47: 247 | AG47: 3A1085 | AH47: Alan Quasha | AI47: 75 | AJ47: Male | AL47: 173.12 (26) | BF47: 36 | BH47: 4A0358 | BI47: Aditi Palshetkar | BJ47: 41 | BK47: Female | BM47: 80.75 (12)
A48: 37 | C48: 4A0452 | D48: Manish Khanna | E48: 57 | F48: Male | H48: 67.10 (10) | K48: 37 | L48: 199 | M48: 3A1270 | N48: Laxman Adhagle | O48: 71 | P48: Male | R48: 82.98 (12.4) | U48: 37 | V48: 178 | W48: 2A1239 | X48: Neerja Singh | Y48: 67 | Z48: Female | AB48: 51.88 (7.8) | AE48: 37 | AF48: 0 | AG48: 4A0654 | AH48: Joshua Rosenthal | AI48: 71 | AJ48: Male | AL48: - | BF48: 37 | BH48: 4A0377 | BI48: Abhishek Roy | BJ48: 50 | BK48: Male | BM48: 92.38 (13.8)
A49: 38 | C49: 4A0459 | D49: Mohit Lalvani | E49: 58 | F49: Male | H49: 66.48 (10) | K49: 38 | L49: 2 | M49: 3A1280 | N49: Dinkar Shenavi | O49: 70 | P49: Male | R49: 62.98 (9.4) | U49: 38 | V49: 187 | W49: 3A0074 | X49: Pankaj Dhandharia | Y49: 54 | Z49: Male | AB49: 194.37 (29.2) | AE49: 38 | AF49: 176 | AG49: 2A1235 | AH49: Mary Moss | AI49: 73 | AJ49: Female | AL49: 56.18 (8.4) | BF49: 38 | BH49: 4A0381 | BI49: Mayank Chhabria | BJ49: 29 | BK49: Male | BM49: 84.55 (12.6)
A50: 39 | B50: 158 | C50: 4A0492 | D50: Samrat Patil | E50: 18 | F50: Male | H50: 74.77 (11.2) | K50: 39 | L50: 22 | M50: 3A1287 | N50: Endait Margal | O50: 53 | P50: Female | R50: 82.19 (12.4) | U50: 39 | V50: 194 | W50: 3A0464 | X50: Aruna Kevani | Y50: 67 | Z50: Female | AB50: 60.09 () | AE50: 39 | AG50: 3A0855 | AH50: Zahabiya Khorakiwala | AI50: 41 | AJ50: Female | BF50: 39 | BH50: 4A0422 | BI50: Mafatlal Shah | BJ50: 82 | BK50: Male | BM50: 96.68 (14.4)
A51: 40 | C51: 4A0608 | D51: Chhaya Saini | E51: 31 | F51: Female | H51: 95.260822 (66.74 (10) | K51: 40 | L51: 23 | M51: 3A1301 | N51: Ratan Sakhare | O51: 68 | P51: Female | R51: 90.96 (13.6) | U51: 40 | V51: 197 | W51: 3A0525 | X51: V Krishnan | Y51: 52 | Z51: Male | AB51: 187.95 (28.2) | AE51: 40 | AG51: 4A1617 | AH51: Usha Avinash Wagh | AI51: 55 | AJ51: Female | AL51: 74.86 (11.2) | BF51: 40 | BH51: 4A0427 | BI51: Stavan Shah | BJ51: 28 | BK51: Male | BM51: 81.5 (12.2)
A52: 41 | C52: 4A0030 | D52: Laxmi Buchiya | E52: 48 | F52: Female | H52: 85.19 (12.8) | K52: 41 | L52: 24 | M52: 3A1304 | N52: Vijay Ghare | O52: 56 | P52: Male | R52: 78.6 (11.8) | U52: 41 | V52: 199 | W52: 3A0558 | X52: Mamta Dubey | Y52: 64 | Z52: Female | AB52: 152.75 () | BF52: 41 | BH52: 4A0434 | BI52: Vaishali Shah | BJ52: 52 | BK52: Female | BM52: 68.55 (10.2)
A53: 42 | C53: 4A0122 | D53: Shubhangi Gole | E53: 30 | F53: Female | H53: 93.21 (14) | K53: 42 | L53: 25 | M53: 3A1305 | N53: Ram Jagdale | O53: 64 | P53: Male | R53: 85.34 (12.8) | U53: 42 | V53: 358 | W53: 3A1341 | X53: Rajyogini Brahmakumari Nalini | Y53: 83 | Z53: Female | AB53: 63.26 (9.4) | BF53: 42 | BH53: 4A0438 | BI53: Purva Patil | BJ53: 32 | BK53: Female | BM53: 99.44 (15)
A54: 43 | C54: 4A0128 | D54: Ramanlal Wagh | E54: 56 | F54: Male | H54: 78.74 (11.8) | K54: 43 | L54: 26 | M54: 3A1307 | N54: Baban Jadhav | O54: 60 | P54: Male | R54: 79.26 (11.8) | U54: 43 | W54: 4A0401 | X54: Shefali Bairagra | Y54: 52 | Z54: Female | AB54: 88.63 (13.2) | BF54: 43 | BH54: 4A0445 | BI54: Sangeeta Gole | BJ54: 55 | BK54: Female | BM54: 79.53 (12)
A55: 44 | B55: 4A916A | C55: 4A0916 | D55: Arslam Goni | E55: 40 | F55: Male | H55: 97.1 (14.6) | K55: 44 | L55: 27 | M55: 3A1321 | N55: Gaikwad Namdev | O55: 61 | P55: Male | R55: 78.12 (11.6) | U55: 44 | W55: 4A0417 | X55: Prasanna Simha | Y55: 62 | Z55: Male | AB55: 86.56 (13) | BF55: 44 | BH55: 4A0457 | BI55: Cyrus Patel | BJ55: 66 | BK55: Male | BM55: 85.94 (12.8)
A56: 45 | C56: 4A1015 | D56: Rakesh Surana | E56: 49 | F56: Male | H56: 86.93 (13) | K56: 45 | L56: 28 | M56: 3A1328 | N56: Vijaya Wani | O56: 70 | P56: Female | R56: 68.15 (10.2) | U56: 45 | V56: 215 | W56: 4A0474 | X56: Reshma Jani | Y56: 57 | Z56: Female | AB56: 137.7 (20.6) | BF56: 45 | BH56: 4A0463 | BI56: Ami Shah | BJ56: 45 | BK56: Female | BM56: 97.42 (14.6)
A57: 46 | C57: 4A1022 | D57: Shivani Bhardwaj | E57: 42 | F57: Female | H57: 97.92 (14.6) | K57: 46 | L57: 29 | M57: 3A1329 | N57: Rajput Nutan | O57: 62 | P57: Female | R57: 60.51 (9) | U57: 46 | W57: 2A0355 | X57: Mahnanda Shinde | Y57: 58 | Z57: Others | AB57: 97.66 (14.6) | BF57: 46 | BH57: 4A0466 | BI57: Tushar Devidayal | BJ57: 49 | BK57: Male | BM57: 93.54 (14)
A58: 47 | C58: 4A1023 | D58: Sandeep Bhardwaj | E58: 45 | F58: Male | H58: 89.45 (13.4) | K58: 47 | L58: 21 | M58: 3A1339 | N58: Borhade Leelavati | O58: 68 | P58: Female | R58: 71.16 (10.6) | U58: 47 | W58: 2A0356 | X58: Shivaji Bhau Kadam | Y58: 64 | Z58: Male | AB58: 76.74 (11.4) | BF58: 47 | BH58: 4A0467 | BI58: Waheed Baig | BJ58: 49 | BK58: Male | BM58: 88.67 (13.2)
A59: 48 | C59: 4A0963 | D59: Nanda Gawade | E59: 60 | F59: Female | H59: 72.93 (11) | K59: 48 | L59: 212 | M59: 3A1352 | N59: Urmila Chauhan | O59: 52 | P59: Female | R59: 94.53 (14.2) | U59: 48 | W59: 2A0371 | X59: Ratan Dattu Jadhav | Y59: 65 | Z59: Female | AB59: 79.59 (12) | BF59: 48 | BG59: 159 | BH59: 4A0507 | BI59: Ramesh Tainwala | BJ59: 66 | BK59: Male | BM59: 91.42 (13.8)
A60: 49 | C60: 4A1113 | D60: Nutan Dhuri | E60: 44 | F60: Female | H60: 92.53 (13.8) | K60: 49 | L60: 213 | M60: 3A1353 | N60: Sunita Sase | O60: 65 | P60: Female | R60: 86.88 (13) | U60: 49 | W60: 2A0379 | X60: Vanita Vivek Konde | Y60: 48 | Z60: Female | AB60: 93.15 (14) | BF60: 49 | BG60: 16 | BH60: 4A0508 | BI60: Shirin Rais | BJ60: 43 | BK60: Female | BM60: 101.66 (15.2)
A61: 50 | C61: 4A1114 | D61: Gaurangi Dhuri | E61: 22 | F61: Female | H61: 84.41 (12.6) | K61: 50 | L61: 214 | M61: 3A1355 | N61: Lalita Patil | O61: 45 | P61: Female | R61: 83.47 (12.6) | U61: 50 | W61: 2A0380 | X61: Smita Nitin Mandavkar | Y61: 44 | Z61: Female | AB61: 96.15 (14.4) | BF61: 50 | BG61: 161 | BH61: 4A0509 | BI61: Pankaj Mehra | BJ61: 64 | BK61: Male | BM61: 96.57 (14.4)
A62: 51 | C62: 4A1115 | D62: Dattaram Dhuri | E62: 51 | F62: Male | H62: 85.29 (12.8) | K62: 51 | L62: 33_S146 | M62: 4A0001 | N62: Tambare Ratan | O62: 78 | P62: Male | R62: 68.15 (10.2) | U62: 51 | W62: 2A0389 | X62: Suman Handibag | Y62: 65 | Z62: Female | AB62: 100.7 (15.2) | BF62: 51 | BG62: 153 | BH62: 4A0516 | BI62: Sonali Singh | BJ62: 45 | BK62: Female | BM62: 90.25 (13.6)
A63: 52 | B63: 43 | C63: 3A1259 | D63: Sangita Chavan | E63: 37 | F63: Female | H63: 95.02 (14.2) | K63: 52 | L63: 179_S29 | M63: 4A0418 | N63: Kanishka Bajpai | O63: 32 | P63: Female | R63: 93.13 (14) | U63: 52 | W63: 2A0398 | X63: Parasram Sambherao | Y63: 62 | Z63: Male | AB63: 83.48 (12.6) | BF63: 52 | BG63: 178_S4 | BH63: 4A0567 | BI63: Pritam Shah | BJ63: 54 | BK63: Male | BM63: 102.21 (15.4)
A64: 53 | B64: 48 | C64: 3A1356 | D64: Minakshi Paygude | E64: 57 | F64: Female | H64: 95.56 (14.4) | K64: 53 | L64: 44 | M64: 3A1267 | N64: Neeta Bhagat | O64: 47 | P64: Female | R64: 102.32 (15.4) | U64: 53 | W64: 2A0401 | X64: Ganesh Mogal | Y64: 65 | Z64: Male | AB64: 90.37 (13.6) | BF64: 53 | BG64: 179_S41 | BH64: 4A0573 | BI64: Sharmin Batliwala | BJ64: 40 | BK64: Female | BM64: 92.59 (13.8)
A65: 54 | C65: 4A0671 | D65: Mangesh Mahadik | E65: 45 | F65: Male | H65: 87.52 (13.2) | K65: 54 | L65: 46 | M65: 3A1286 | N65: Sangita Bhoite | O65: 52 | P65: Female | R65: 81.25 (12.2) | U65: 54 | V65: 277 | W65: 3A1168 | X65: Jateen Tanna | Y65: 76 | Z65: Male | AB65: 92.4 (13.8) | BF65: 54 | BG65: 18_S42 | BH65: 4A0575 | BI65: Darpan Mehta | BJ65: 54 | BK65: Male | BM65: 79.1 (11.8)
A66: 55 | C66: 4A0580 | D66: Shivani Tripathi | E66: 49 | F66: Female | H66: 82.52 (12.4) | K66: 55 | L66: 47 | M66: 3A1320 | N66: Kanitkar Vishwanat | O66: 91 | P66: Male | R66: 85.16 (12.8) | U66: 55 | V66: 356 | W66: 3A1327 | X66: Joshitha Sudhir | Y66: 61 | Z66: Female | AB66: 98.27 (14.8) | BF66: 55 | BH66: 4A0583 | BI66: Pawan Mahimtura | BJ66: 52 | BK66: Male | BM66: 86.14 (13)
A67: 56 | C67: 4A0421 | D67: Ragini Awasthi | E67: 38 | F67: Female | H67: 82.04 (12.2) | K67: 56 | M67: 2A0388 | N67: Motiram Pandgale | O67: 68 | P67: Male | R67: 84.71 (12.6) | U67: 56 | V67: 191 | W67: 3A0407 | X67: Ashok Kumat | Y67: 72 | Z67: Male | AB67: 0 | BF67: 56 | BH67: 4A0635 | BI67: Mahenov Thakkar | BJ67: 48 | BK67: Female | BM67: 94.4 (14.2)
A68: 57 | C68: 4A0607 | D68: Vijay Taparia | E68: 70 | F68: Male | H68: 80.15 (12) | K68: 57 | M68: 2A0390 | N68: Krushnabai Patil | O68: 72 | P68: Female | R68: 72.3 (10.8) | U68: 57 | W68: 4 | X68: Bennu Sehgal | Y68: 65 | Z68: Female | AB68: 67.42 (10) | BF68: 57 | BH68: 4A0636 | BI68: Nishant Thakkar | BJ68: 48 | BK68: Male | BM68: 94.64 (14.2)
A69: 58 | C69: 4A0527 | D69: Jyoti Kolambekar | E69: 48 | F69: Female | H69: 81.07 (12.2) | K69: 58 | M69: 2A0396 | N69: Vilas Ganpat Pawar | O69: 55 | P69: Male | R69: 83.67 (12.6) | U69: 58 | V69: 54 | W69: 1A0454 | X69: Baban Agav | Y69: 60 | Z69: Male | AB69: 47.79 (7.2) | BF69: 58 | BH69: 4A0657 | BI69: Sohini Patel | BJ69: 59 | BK69: Female | BM69: 87.63 (13.2)
A70: 59 | C70: 4A0603 | D70: Ayesha Khan | E70: 22 | F70: Female | H70: 77.83 (11.6) | K70: 59 | M70: 2A0397 | N70: Bhagwat Dhengle | O70: 69 | P70: Male | R70: 97.22 (14.6) | U70: 59 | W70: 4A0153 | X70: Bindu Madhav Joshi | Y70: 79 | Z70: Male | AB70: 81.10 (12.2) | BF70: 59 | BH70: 4A0436 | BI70: Behroz Ghadiali | BJ70: 59 | BK70: Female | BM70: 84.34 (12.6)
A71: 60 | C71: 4A0440 | D71: Subham Chatterjee | E71: 34 | F71: Male | H71: 85.65 (12.8) | K71: 60 | M71: 2A0400 | N71: Arti Deshpande | O71: 59 | P71: Female | R71: 105.33 (15.8) | U71: 60 | V71: 157 | W71: 4A0475 | X71: Anisha Diwakar | Y71: 37 | Z71: Female | AB71: Yes | BF71: 60 | BH71: 4A0670 | BI71: Muskaan Parikh | BJ71: 45 | BK71: Female | BM71: 82.02 (12.2)
A72: 61 | C72: 4A0420 | D72: Pandurang Awasthi | E72: 44 | F72: Male | H72: 87.08 (13) | K72: 61 | M72: 2A0402 | N72: Chaya Ransingh | O72: 56 | P72: Female | R72: 105.51 (15.8) | U72: 61 | W72: 4A1339 | X72: Shantanu Nagarkatti | Y72: 70 | Z72: Male | AB72: 0 | BF72: 61 | BH72: 4A0736 | BI72: Chetan Ahya | BJ72: 56 | BK72: Male | BM72: 86.41 (13)
A73: 62 | C73: 4A0601 | D73: Achyut Gavkhadkar | E73: 32 | F73: Male | H73: 75.74 (11.4) | K73: 62 | M73: 4A0007 | N73: Pandurang Dahiphale | O73: 75 | P73: Male | R73: 84.32 (12.6) | U73: 62 | W73: 4A1446 | X73: Suresh Shah | Y73: 78 | Z73: Male | AB73: 0 | BF73: 62 | BH73: 4A0299 | BI73: Yamini Zaveri | BJ73: 62 | BK73: Female | BM73: 114.74 (17.2)
A74: 63 | C74: 4A0431 | D74: Ekta Nitin Waghela | E74: 23 | F74: Female | H74: 80.85 (12.2) | K74: 63 | M74: 4A0018 | N74: Puri Rameshwar | O74: 77 | P74: Male | R74: 90.39 (13.6) | U74: 63 | W74: 4A1598 | X74: Mohit Chuganee | Y74: 59 | Z74: Male | AB74: 0 | BF74: 63 | BH74: 4A0397 | BI74: Sanjay Shah | BJ74: 58 | BK74: Male | BM74: 101.74 (15.2)
A75: 64 | C75: 4A0430 | D75: Mayuri Khade | E75: 23 | F75: Female | H75: 85.44 (12.8) | K75: 64 | L75: 4 | M75: 1A0233 | N75: Mamta Dubey | O75: 66 | P75: Female | R75: 78.71 (11.8) | U75: 64 | W75: 2A0010 | X75: Kale Vamanrao | Y75: 65 | Z75: Male | AB75: 0 | BF75: 64 | BH75: 4A0737 | BI75: Usha Tripathi | BJ75: 79 | BK75: Female | BM75: 59.56 (8.8)
A76: 65 | C76: 4A0429 | D76: Meghana Naik | E76: 53 | F76: Female | H76: 80 (12) | K76: 65 | L76: 129 | M76: 2A0345 | N76: Shiveppa Diwakar | O76: 76 | P76: Male | R76: 62.44 () | U76: 65 | V76: 0 | W76: 1A0452 | X76: Atmaram Sarawade | Y76: 62 | Z76: Male | AB76: 62.46 (9.4) | BF76: 65 | BH76: 4A0262 | BI76: Adity Chaudhary | BJ76: 40 | BK76: Female | BM76: 91.93 (13.8)
A77: 66 | C77: 4A0525 | D77: Veselin Mareshki | E77: 58 | F77: Male | H77: 80.69 (12) | K77: 66 | L77: 69 | M77: 1A0505 | N77: Sarika Bothare | O77: 44 | P77: Female | R77: 68.1 (10.2) | U77: 66 | V77: 0 | W77: 1A0464 | X77: Ahad Khan | Y77: 33 | Z77: Male | AB77: 76.18 (11.4) | AC77: repeat | BF77: 66 | BH77: 4A0261 | BI77: Chirag Dewan | BJ77: 38 | BK77: Male | BM77: 95.3 (14.2)
A78: 67 | C78: 4A1136 | D78: Neelam Shinde | E78: 38 | F78: Female | H78: 76.65 (11.4) | K78: 67 | L78: 84 | M78: 2A0156 | N78: Tarabai Gawade | O78: 52 | P78: Female | R78: 84.76 (12.6) | U78: 67 | V78: 0 | W78: 1A0465 | X78: Katkar Lata | Y78: 60 | Z78: Female | AB78: 79.34 (11.8) | BF78: 67 | BH78: 4A0189 | BI78: Zarien Khan | BJ78: 42 | BK78: Female | BM78: 78.81 (11.8)
A79: 68 | C79: 4A0460 | D79: Aparna Menon | E79: 23 | F79: Female | H79: 90.65 (13.6) | K79: 68 | L79: 15 | M79: 2A0167 | N79: Dam Bisht | O79: 31 | P79: Male | R79: 81.7 (12.2) | U79: 68 | V79: 0 | W79: 1A0468 | X79: Tukaram Yadav | Y79: 35 | Z79: Male | AB79: 64.01 (9.6) | BF79: 68 | BH79: 4A0246 | BI79: Kishore Tanna | BJ79: 72 | BK79: Male | BM79: 79.84 (12)
A80: 69 | C80: 4A0432 | D80: Dipika Vijay Lokhande | E80: 25 | F80: Female | H80: 81.51 (12.2) | K80: 69 | L80: 19 | M80: 2A0186 | N80: Shalubai Mali | O80: 62 | P80: Female | R80: 67.31 (10) | U80: 69 | V80: 0 | W80: 1A0469 | X80: Ibrahim Shaikh | Y80: 68 | Z80: Male | AB80: 65.67 (9.8) | BF80: 69 | BH80: 4A0263 | BI80: Dilshad Ukaji | BJ80: 42 | BK80: Female | BM80: 100.62 (15)
A81: 70 | C81: 4A0576 | D81: Shaima Rifaie | E81: 29 | F81: Female | H81: 95.83 (14.4) | K81: 70 | M81: 4A1338 | N81: Sangita More | O81: 47 | P81: Female | R81: 0 | U81: 70 | V81: 0 | W81: 1A0471 | X81: Santosh N Sonavane | Y81: 32 | Z81: Male | AB81: 81.4 (12.2) | BF81: 70 | BH81: 4A0191 | BI81: Dhruv Chopra | BJ81: 45 | BK81: Male | BM81: 77.21 (11.6)
A82: 71 | C82: 4A0444 | D82: Sonia Jain | E82: 49 | F82: Female | H82: 73.56 (11) | K82: 71 | M82: 2A0008 | N82: Khairunnisa Khan | O82: 68 | P82: Female | R82: 0 | U82: 71 | V82: 0 | W82: 1A0475 | X82: Radhika Chandrakant Sutar | Y82: 38 | Z82: Female | AB82: 76.22 (11.4) | BF82: 71 | BH82: 4A0296 | BI82: Kalpita Dalvi | BJ82: 33 | BK82: Female | BM82: 79.12 (11.8)
A83: 72 | C83: 4A1134 | D83: Shaira Khan | E83: 47 | F83: Female | H83: 72.44 (10.8) | K83: 72 | M83: 2A0021 | N83: Dinesh Hanmul | O83: 58 | P83: Male | R83: 0 | U83: 72 | V83: 0 | W83: 1A0477 | X83: Manisha Borade | Y83: 62 | Z83: Female | AB83: 82.93 (12.4) | BF83: 72 | BH83: 4A0242 | BI83: Shaheen Siddiqui | BJ83: 62 | BK83: Female | BM83: 110.04 (16.6)
A84: 73 | C84: 4A0582 | D84: Dinesh Gurav | E84: 57 | F84: Male | H84: 71.01 (10.6) | K84: 73 | M84: 2A0070 | N84: Kalpana Dhanvate | O84: 36 | P84: Female | R84: 0 | U84: 73 | W84: 4A1052 | X84: Pranav Chaturvedi | Y84: 43 | Z84: Male | AB84: 0 | BF84: 73 | BG84: 315 | BH84: 3A1283 | BI84: Saba Khan | BJ84: 32 | BK84: Female | BM84: 61.05 (9.2)
A85: 74 | C85: 4A0443 | D85: Manish Jain | E85: 48 | F85: Male | H85: 87.22 (13) | K85: 74 | L85: 211 | M85: 3A1340 | N85: Shaikh Hakim | O85: 59 | P85: Male | R85: 75.59 (11.4) | U85: 74 | V85: 0 | W85: 4A1643 | X85: Dr. Debjani Mukhopadhyay | Y85: 52 | Z85: Female | AB85: - | BF85: 74 | BH85: 4A0814 | BI85: Vijay Rajani | BJ85: 36 | BK85: Male | BM85: 66.74 (10)
A86: 75 | C86: 4A0428 | D86: Naresh Naik | E86: 55 | F86: Male | H86: 87.39 (13) | K86: 75 | L86: 0 | M86: 4A0002 | N86: Magar Ramesh | O86: 65 | P86: Male | R86: - | U86: 75 | W86: 1A0429 | X86: Rushikesh Pilae | Y86: 21 | Z86: Male | BF86: 75 | BH86: 4A1033 | BI86: Shurfan Khan | BJ86: 29 | BK86: Male | BM86: 0
A87: 76 | C87: 4A0526 | D87: Ali Lehra | E87: 24 | F87: Male | H87: 80.49 (12) | K87: 76 | L87: 0 | M87: 4A0005 | N87: Saraswati Phalke | O87: 63 | P87: Female | R87: - | U87: 76 | W87: 1A0431 | X87: Rajendra Kad | Y87: 46 | Z87: Male | BF87: 76 | BH87: 4A1056 | BI87: Rhea Bhumgara | BJ87: 41 | BK87: Female | BM87: 0
A88: 77 | C88: 4A0309 | D88: Indrajeet Yadav | E88: 33 | F88: Male | H88: 79.94 (12) | K88: 77 | L88: 0 | M88: 4A0006 | N88: Aarchana Bikkad | O88: 32 | P88: Female | R88: - | U88: 77 | W88: 1A0437 | X88: Navnath Autte | Y88: 50 | Z88: Male | BF88: 77 | BH88: 4A1064 | BI88: Amal Rais | BJ88: 28 | BK88: Female | BM88: 0
A89: 78 | C89: 4A0609 | D89: Tehzeeb Shamji | E89: 23 | F89: Female | H89: 87.53 (13.2) | K89: 78 | L89: 0 | M89: 4A0008 | N89: Kule Kantaram | O89: 74 | P89: Male | R89: - | U89: 78 | W89: 1A0446 | X89: Rajaram Waykar | Y89: 53 | Z89: Male | BF89: 78 | BH89: 4A1074 | BI89: Binod Khemka | BJ89: 80 | BK89: Male | BM89: 0
A90: 79 | C90: 4A0602 | D90: Sakshi Kamble | E90: 36 | F90: Female | H90: 83.7 (12.6) | K90: 79 | L90: 0 | M90: 4A0009 | N90: Shaikh Shehnabji | O90: 52 | P90: Female | R90: - | U90: 79 | W90: 1A0450 | X90: Bhimrao Tamhane | Y90: 53 | Z90: Male | BF90: 79 | BH90: 4A1075 | BI90: Sumiti Mondal | BJ90: 48 | BK90: Female | BM90: 0
A91: 80 | C91: 4A0461 | D91: Shlok Shivkar | E91: 25 | F91: Male | H91: 81.89 (12.2) | K91: 80 | L91: 0 | M91: 1A0463 | N91: Rohini S Parkhi | O91: 42 | P91: Female | R91: 66.33 (10) | BF91: 80 | BH91: 4A1393 | BI91: Xerxes Aga | BJ91: 44 | BK91: Male | BM91: 80.05 (12)
A92: 81 | C92: 4A0511 | D92: Shibani Bathija | E92: 57 | F92: Female | H92: 80.51 (12) | K92: 81 | L92: 0 | M92: 1A0467 | N92: Shaikh Ahemad | O92: 65 | P92: Male | R92: 68.29 (10.2) | BF92: 81 | BH92: 4A1451 | BI92: Gulam Petkar | BJ92: 43 | BK92: Male | BM92: 0
A93: 82 | C93: 4A0528 | D93: Mohd Sharukh Salim Varyala | E93: 32 | F93: Male | H93: 77.18 (11.6) | K93: 82 | L93: 0 | M93: 1A0472 | N93: Bashir Shaikh | O93: 70 | P93: Male | R93: 83.46 (12.6) | BF93: 82 | BH93: 4A1452 | BI93: Sonali Gidwani | BJ93: 51 | BK93: Female | BM93: 0
A94: 83 | C94: 4A0506 | D94: Vandana Pai Sharucha | E94: 45 | F94: Female | H94: 82.17 (12.4) | K94: 83 | L94: 0 | M94: 4A1101 | N94: Vasantrao Jadhav | O94: 66 | P94: Male | R94: 77.52 (11.6) | BF94: 83 | BH94: 4A1453 | BI94: Bhavna Shah | BJ94: 67 | BK94: Female | BM94: 0
A95: 84 | B95: 1 | C95: 1A0035 | D95: Anish Tripathi | E95: 53 | F95: Male | H95: 53.04 (8) | K95: 84 | L95: 0 | M95: 4A1548 | N95: Shashikala Pawar | O95: 65 | P95: Female | R95: 79.67 (12) | BF95: 84 | BG95: 362 | BH95: 3A1351 | BI95: Ravi Poddar | BJ95: 57 | BK95: Male | BM95: 71.52 (10.6)
A96: 85 | B96: 162 | C96: 2A0809 | D96: Meeta Tripathi | E96: 50 | F96: Female | H96: 63.29 (9.4) | K96: 85 | L96: 0 | M96: 4A1556 | N96: Kaluram Manjare | O96: 72 | P96: Male | R96: 79.63 (12) | BF96: 85 | BG96: 0 | BH96: 4A1467 | BI96: Deepa Bhartiya | BJ96: 66 | BK96: Female | BM96: -
A97: 86 | B97: 237 | C97: 3A1071 | D97: Samidha Tendulkar | E97: 42 | F97: Female | H97: 49.66 (7.4) | K97: 86 | L97: 0 | M97: 4A1559 | N97: Ashna Chopra | O97: 46 | P97: Female | R97: - | BF97: 86 | BG97: 0 | BH97: 4A1469 | BI97: Sanjay Shahaji Yadav | BJ97: 47 | BK97: Male | BM97: -
A98: 87 | B98: 294 | C98: 3A1205 | D98: Sayali Shetty | E98: 33 | F98: Female | H98: 51.27 (7.6) | K98: 87 | L98: 0 | M98: 4A1107 | N98: Bindoo Wadhwani | O98: 72 | P98: Female | R98: - | BF98: 87 | BG98: 0 | BH98: 4A1470 | BI98: Amir Shaikh | BJ98: 39 | BK98: Male | BM98: -
A99: 88 | B99: 398 | C99: 3A1325 | D99: Nikita Sethia | E99: 24 | F99: Female | H99: 167.37 (25) | K99: 88 | L99: 0 | M99: 4A1740 | N99: Judith Nipps | O99: 43 | P99: Female | R99: - | BF99: 88 | BG99: 0 | BH99: 4A1471 | BI99: Sunil Sambhaji Kadam | BJ99: 55 | BK99: Male | BM99: -
A100: 89 | C100: 4A0150 | D100: Aman Gurwada | E100: 41 | F100: Male | H100: 110.77 (16.6) | K100: 89 | L100: 0 | M100: 4A1803 | N100: Rekha Saboo | O100: 76 | P100: Female | R100: - | BF100: 89 | BG100: 0 | BH100: 4A1474 | BI100: Nitin Kadam | BJ100: 38 | BK100: Male | BM100: -
A101: 90 | C101: 4A0673 | D101: Vikas Yadav | E101: 25 | F101: Male | H101: 70.21 (10.6) | K101: 90 | L101: 0 | M101: 4A0345 | N101: Hoshang Vajifdar | O101: 68 | P101: Male | R101: - | BF101: 90 | BG101: 0 | BH101: 4A1480 | BI101: Benaifer Malandkar | BJ101: 46 | BK101: Female | BM101: -
A102: 91 | C102: 4A0857 | D102: Khojeste Mistree | E102: 76 | F102: Male | H102: 53.304418 (63.55 (9.4) | K102: 91 | M102: 3A1131 | N102: Khandge Sudam | O102: 70 | P102: Male | R102: 59.16 (8.8) | BF102: 91 | BG102: 0 | BH102: 4A1485 | BI102: Rahul Anand | BJ102: 35 | BK102: Male | BM102: -
A103: 92 | C103: 4A0136 | D103: Soniya Pawar | E103: 33 | F103: Female | H103: 96.73 (14.6) | K103: 92 | M103: 4A1599 | N103: Sharadini Kharat | O103: 61 | P103: Female | R103: 65.57 (9.8) | BF103: 92 | BG103: 0 | BH103: 4A1489 | BI103: Vikas Patil | BJ103: 38 | BK103: Male | BM103: -
A104: 93 | C104: 4A1009 | D104: Sujay Shah | E104: 53 | F104: Male | H104: 88.75 (13.4) | K104: 93 | M104: 4A1600 | N104: Padma Nugula | O104: 42 | P104: Female | R104: 71.6 (10.8) | BF104: 93 | BG104: 0 | BH104: 4A1507 | BI104: Zaid Kudia | BJ104: 43 | BK104: Male | BM104: -
...

Sheet Diabetes
A1: Sample ID | B1: AOB ID | C1: Name | D1: Diabetes Type | E1: Another Label | F1: Source | G1: DNA availibility (Y/N) | H1: Sequencing (Y/N) | I1: Exome run completed | J1: Reports made
A2: 3A0976 | B2: 235 | C2: Sinai Layson | D2: Pancreatic Cancer | F2: Dr Nadeem | G2: Y | H2: Y | I2: Y | J2: Y
A3: 3A1072 | B3: 238 | C3: Jasleen Kaur | D3: Hyperthyroidism | F3: Dr Nadeem | G3: Y | H3: Y | I3: Y | J3: Y
A4: 3A1073 | B4: 239 | C4: Anushree Shah | D4: Type 2 Diabetes Mellitus | F4: Dr Nadeem | G4: Y | H4: Y | I4: Y | J4: Y
A5: 3A1076 | B5: 24 | C5: Arun Mohan | D5: Type 2 Diabetes Mellitus | F5: Dr Nadeem | G5: Y | H5: Y | I5: Y
A6: 3A1093 | B6: 249 | C6: Kavita Singh | D6: Type 1 Diabetes Mellitus | F6: Dr Nadeem | G6: Y | H6: Y | I6: Y
A7: 3A1089 | B7: 25 | C7: Atul Shah | D7: Pancreatic Diabetes Mellitus | F7: Dr Nadeem | G7: Y | H7: Y | I7: Y | J7: Y
A8: 3A1106 | B8: 252 | C8: Devang Nagarsheth | D8: Pancreatic Diabetes Mellitus | F8: Dr Nadeem | G8: Y | H8: Y | I8: Y
A9: 3A1150 | B9: 279 | C9: Vijay Joshi | D9: Type 2 Diabetes Mellitus | F9: Dr Nadeem | G9: Y | H9: Y | I9: Y
A10: 3A1151 | B10: 28 | C10: Azhar Khan | D10: Juvenile Diabetes Mellitus | F10: Dr Nadeem | G10: Y | H10: Y | I10: Y
A11: 3A1152 | B11: 281 | C11: Adnan Khan | D11: Juvenile Diabetes Mellitus | F11: Dr Nadeem | G11: Y | H11: Y | I11: Y
A12: 3A1153 | B12: 282 | C12: Anjum Ahmed | D12: Pancreatic Diabetes Mellitus | F12: Dr Nadeem | G12: Y | H12: Y | I12: Y
A13: 3A1177 | B13: 283 | C13: Preeti Punamiya | D13: Type 2 Diabetes Mellitus | F13: Dr Nadeem | G13: Y | H13: Y | I13: Y | J13: Y
A14: 3A1178 | B14: 284 | C14: Rais Ghalte | D14: Type 1 Diabetes Mellitus | F14: Dr Nadeem | G14: Y | H14: Y | I14: Y
A15: 3A1190 | B15: 285 | C15: Feroza Khan | D15: Type 1 Diabetes Mellitus | F15: Dr Nadeem | G15: Y | H15: Y | I15: Y
A16: 3A1191 | B16: 286 | C16: Rajesh Chaturvedi | D16: Type 2 Diabetes Mellitus | F16: Dr Nadeem | G16: Y | H16: Y | I16: Y
A17: 3A1235 | B17: 293 | C17: Affan Arif | D17: Type 1 Diabetes Mellitus | F17: Dr Nadeem | G17: Y | H17: Y | I17: Y
A18: 3A1243 | B18: 297 | C18: Sudip Bhattacharya | D18: Type 2 Diabetes Mellitus | F18: Dr Nadeem | G18: Y | H18: Y | I18: Y
A19: 3A1248 | B19: 31 | C19: Ashish Gupta | D19: Type 1 Diabetes Mellitus | F19: Dr Nadeem | G19: Y | H19: Y | I19: Y
A20: 3A1299 | B20: 33 | C20: Priya Thakkar | D20: Type 2 Diabetes Mellitus | F20: Dr Nadeem | G20: Y | H20: Y | I20: Y
A21: 3A1306 | B21: 342 | C21: Batul Agha | D21: Type 1 Diabetes Mellitus | F21: Dr Nadeem | G21: Y | H21: Y | I21: Y
A22: 3A1319 | B22: 355 | C22: Farah Vaswani | D22: Type 1 Diabetes Mellitus | F22: Dr Nadeem | G22: Y | H22: Y | I22: Y
A23: 3A1330 | B23: 357 | C23: Nooruddin Gadhaya | D23: Pancreatic Diabetes Mellitus | F23: Dr Nadeem | G23: Y | H23: Y | I23: Y
A24: 3A1351 | B24: 362 | C24: Ravi Poddar | D24: Pancreatic Diabetes Mellitus | F24: Dr Nadeem | G24: Y | H24: Y | I24: Y
A25: 4A0004 | C25: Sandeep Das | D25: Type 2 Diabetes Mellitus | F25: Dr Nadeem | G25: Y | H25: Y | I25: Y
A26: 4A0011 | C26: Bilal Ahmed | D26: Type 1 Diabetes Mellitus | F26: Dr Nadeem | G26: Y | H26: Y | I26: Y
A27: 4A0020 | C27: Percy Daruwalla | D27: Diabetes | F27: Dr Nadeem | G27: Y | H27: Y | I27: HS exome data available
A28: 4A0084 | C28: Mohd. Jawad Shaikh | D28: Diabetes | F28: Dr Nadeem | G28: Y | H28: Y | I28: No exome data
A29: 4A0189 | C29: Zarien Khan | D29: Prediabetes | F29: Dr Nadeem | G29: Y | H29: Y | I29: No exome data
A30: 4A0191 | C30: Dhruv Chopra | D30: Prediabetes | F30: Dr Nadeem | G30: Y | H30: Y | I30: No exome data
A31: 4A0242 | C31: Shaheen Siddiqui | D31: Type 2 Diabetes Mellitus | F31: Dr Nadeem | G31: Y | H31: Y | I31: No exome data
A32: 4A0246 | C32: Kishore Tanna | D32: Type 2 Diabetes Mellitus | F32: Dr Nadeem | G32: Y | H32: Y | I32: No exome data
A33: 4A0261 | C33: Chirag Dewan | D33: Type 2 Diabetes Mellitus | F33: Dr Nadeem | G33: Y | H33: Y | I33: No exome data
A34: 4A0262 | C34: Adity Chaudhary | D34: Prediabetes | F34: Dr Nadeem | G34: Y | H34: Y | I34: No exome data
A35: 4A0263 | C35: Dilshad Ukaji | D35: Prediabetes | F35: Dr Nadeem | G35: Y | H35: Y | I35: No exome data
A36: 4A0296 | C36: Kalpita Dalvi | D36: Type 2 Diabetes Mellitus | F36: Dr Nadeem | G36: Y | H36: Y | I36: No exome data
A37: 4A0298 | C37: Faaris Khan | D37: Type 2 Diabetes Mellitus | F37: Dr Nadeem | G37: Y | H37: Y | I37: Y
A38: 4A0299 | C38: Yamini Zaveri | E38: Not Documented yet | F38: Dr Nadeem | G38: Y | H38: Y | I38: No exome data
A39: 4A0300 | C39: Nidhi Kedia | D39: Diabetes | F39: Dr Nadeem | G39: Y | H39: Y | I39: Y
A40: 4A0310 | C40: Hanskumar Daulat | D40: Pancreatic Diabetes Mellitus | F40: Dr Nadeem | G40: Y | H40: Y | I40: Y
A41: 4A0350 | C41: Shabiba Qureshi | D41: Type 1 Diabetes Mellitus | F41: Dr Nadeem | G41: Y | H41: Y | I41: Y
A42: 4A0358 | C42: Aditi Palshetkar | D42: Prediabetes | F42: Dr Nadeem | G42: Y | H42: Y | I42: Y
A43: 4A0377 | C43: Abhishek Roy | D43: Pancreatic Diabetes Mellitus | F43: Dr Nadeem | G43: Y | H43: Y | I43: Y
A44: 4A0380 | C44: Monika Vadhan | D44: Prediabetes | F44: Dr Nadeem | G44: Y | H44: Y | I44: Y
A45: 4A0381 | C45: Mayank Chhabria | D45: Transient Neonatal Diabetes Mellitus | F45: Dr Nadeem | G45: Y | H45: Y | I45: Y
A46: 4A0397 | C46: Sanjay Shah | E46: Not Documented yet | F46: Dr Nadeem | G46: Y | H46: Y | I46: No exome data
A47: 4A0418 | C47: Kanishka Bajpai | D47: Pancreatic neuroendocrine tumor | F47: Dr Nadeem | G47: Y | H47: Y | I47: Y
A48: 4A0422 | C48: Mafatlal Shah | D48: Pancreatic Diabetes Mellitus | F48: Dr Nadeem | G48: Y | H48: Y | I48: Y
A49: 4A0425 | C49: Mallika Dahiya | E49: Not Documented yet | F49: Dr Nadeem | G49: Y | H49: Y | I49: No exome data
A50: 4A0426 | C50: Dhruv Chopra | D50: Grade I obesity | F50: Dr Nadeem | G50: Y | H50: Y | I50: Y
A51: 4A0427 | C51: Stavan Shah | D51: Grade II obesity | F51: Dr Nadeem | G51: Y | H51: Y | I51: Y
A52: 4A0433 | C52: Gurpreet Pande | D52: Grade II obesity | F52: Dr Nadeem | G52: Y | H52: Y | I52: No exome data
A53: 4A0434 | C53: Vaishali Shah | D53: Thyroid | F53: Dr Nadeem | G53: Y | H53: Y | I53: Y
A54: 4A0436 | C54: Behroz Ghadiali | D54: Obesity | F54: Dr Nadeem | G54: Y | H54: Y | I54: Y | J54: meningioma
A55: 4A0437 | C55: Kishore Tanna | D55: Type 2 Diabetes Mellitus | F55: Dr Nadeem | G55: Y | H55: Y | I55: Y
A56: 4A0438 | C56: Purva Patil | D56: Grade I obesity | F56: Dr Nadeem | G56: Y | H56: Y | I56: Y
A57: 4A0439 | C57: Adity Chaudhury | D57: Prediabetes | F57: Dr Nadeem | G57: Y | H57: Y | I57: Y
A58: 4A0445 | C58: Sangeeta Gole | D58: Type 2 Diabetes Mellitus | F58: Dr Nadeem | G58: Y | H58: Y | I58: Y
A59: 4A0457 | C59: Cyrus Patel | D59: Type 2 Diabetes Mellitus | F59: Dr Nadeem | G59: Y | H59: Y | I59: Y
A60: 4A0463 | C60: Ami Shah | D60: Type 2 Diabetes Mellitus, Grade III obesity, Hypertension, Mild thyroid failure | E60: Mixed | F60: Dr Nadeem | G60: Y | H60: Y | I60: Y
A61: 4A0466 | C61: Tushar Devidayal | D61: Grade II obesity | F61: Dr Nadeem | G61: Y | H61: Y | I61: Y
A62: 4A0467 | C62: Waheed Baig | D62: Type 2 Diabetes Mellitus | F62: Dr Nadeem | G62: Y | H62: Y | I62: Y
A63: 4A0468 | C63: Ruhi Baig | E63: Not Documented yet | F63: Dr Nadeem | G63: Y | H63: Y | I63: No exome data
A64: 4A0507 | C64: Ramesh Tainwala | D64: Remission for Sarcoidosis since 27, Thyroid disease | E64: Mixed | F64: Dr Nadeem | G64: Y | H64: Y | I64: Y
A65: 4A0508 | C65: Shirin Rais | D65: Thyroid disease, Obesity | E65: Mixed | F65: Dr Nadeem | G65: Y | H65: Y | I65: Y
A66: 4A0509 | C66: Pankaj Mehra | D66: Type 2 Diabetes Mellitus, BPH, Grade II obesity | E66: Mixed | F66: Dr Nadeem | G66: Y | H66: Y | I66: Y
A67: 4A0516 | C67: Sonali Singh | D67: Type 2 Diabetes Mellitus | F67: Dr Nadeem | G67: Y | H67: Y | I67: Y
A68: 4A0567 | C68: Pritam Shah | D68: Type 2 Diabetes Mellitus, Grade II obesity | E68: Mixed | F68: Dr Nadeem | G68: Y | H68: Y | I68: Y
A69: 4A0573 | C69: Sharmin Batliwala | D69: PCOS, Grade III obesity | E69: Mixed | F69: Dr Nadeem | G69: Y | H69: Y | I69: Y
A70: 4A0575 | C70: Darpan Mehta | D70: Type 2 Diabetes Mellitus, Grade I obesity | E70: Mixed | F70: Dr Nadeem | G70: Y | H70: Y | I70: Y
A71: 4A0583 | C71: Pawan Mahimtura | D71: Type 2 Diabetes, Grade III obesity | E71: Mixed | F71: Dr Nadeem | G71: Y | H71: Y | I71: Y
A72: 4A0635 | C72: Mahenov Thakkar | D72: Pre-diabetes, Grade III obesity | E72: Mixed | F72: Dr Nadeem | G72: Y | H72: Y | I72: Y
A73: 4A0636 | C73: Nishant Thakkar | D73: Type 2 Diabetes, Grade III obesity | E73: Mixed | F73: Dr Nadeem | G73: Y | H73: Y | I73: Y
A74: 4A0657 | C74: Sohini Patel | D74: Type 2 Diabetes, Obesity | E74: Mixed | F74: Dr Nadeem | G74: Y | H74: Y | I74: Y
A75: 4A0670 | C75: Muskaan Parikh | D75: Grade 1 fatty liver, Metabolic syndrome | E75: Mixed | F75: Dr Nadeem | G75: Y | H75: Y | I75: Y
A76: 4A0745 | C76: Vivek Mathur | E76: Not Documented yet | F76: Dr Nadeem | G76: Y | H76: Y | I76: No exome data
A77: 4A0814 | C77: Vijay Rajani | E77: Not Documented yet | F77: Dr Nadeem | G77: Y | H77: Y | I77: No exome data
A78: 4A0873 | C78: Ryan Patel | E78: Not Documented yet | F78: Dr Nadeem | G78: Y | H78: #N/A
A79: 4A0918 | C79: Zainab Patel | E79: Not Documented yet | F79: Dr Nadeem | G79: Y | H79: #N/A
A80: 4A0922 | C80: Pankaj Mehra | D80: Prediabetes, dyslipidemia | E80: Mixed | F80: Dr Nadeem | G80: Y | H80: #N/A
A81: 4A0935 | C81: Shabina Patel | D81: Type A insulin resistance with PCOS | F81: Dr Nadeem | G81: Y | H81: #N/A
A82: 4A1033 | C82: Shurfan Khan | E82: Not Documented yet | F82: Dr Nadeem | G82: Y | H82: Y
A83: 4A1056 | C83: Rhea Bhumgara | E83: Not Documented yet | F83: Dr Nadeem | G83: Y | H83: Y
A84: 4A1064 | C84: Amal Rais | D84: PCOS | F84: Dr Nadeem | G84: Y | H84: Y
A85: 4A1074 | C85: Binod Khemka | D85: Type 2 Diabetes Mellitus, Hypertension, IHD, BPH | E85: Mixed | F85: Dr Nadeem | G85: Y | H85: Y
A86: 4A1075 | C86: Sumiti Mondal | E86: Not Documented yet | F86: Dr Nadeem | G86: Y | H86: Y
A87: 4A1118 | C87: Zarien Khan | D87: Hypothyroidism, PCOS, Obesity, Fatty Liver | E87: Mixed | F87: Dr Nadeem | G87: Y | H87: Y
A88: 4A1393 | C88: Xerxes Aga | D88: Auto- Immune Thyroid Disease | F88: Dr Nadeem | G88: Y | H88: Y
A89: 4A1451 | C89: Gulam Petkar | D89: Refractory Hyperthyroidism | F89: Dr Nadeem | G89: Y | H89: Y
A90: 4A1452 | C90: Sonali Gidwani | D90: Hypothyroidism, Grade 1 fatty liver, mixed dyslipidemia | E90: Mixed | F90: Dr Nadeem | G90: Y | H90: Y
A91: 4A1453 | C91: Bhavna Shah | E91: Not Documented yet | F91: Dr Nadeem | G91: Y | H91: Y
A92: 4A1480 | C92: Benaifer Malandkar | D92: Refractory Hyperthyroidism | F92: Dr Nadeem | G92: Y | H92: Y
A93: 4A1485 | C93: Rahul Anand | D93: Refractory Hyperthyroidism | F93: Dr Nadeem | G93: Y | H93: Y
A94: 4A1507 | C94: Zaid Kudia | D94: Refractory Hyperthyroidism | F94: Dr Nadeem | G94: Y | H94: Y
A95: 4A1518 | C95: Prashant Somani | D95: Type 2 Diabetes Mellitus | F95: Dr Nadeem | G95: Y | H95: Y
A96: 4A1520 | C96: Rajan Pental | D96: Pancreatitis/ Type 2 Diabetes Mellitus | E96: Mixed | F96: Dr Nadeem | G96: Y | H96: Y
A97: 4A1467 | C97: Deepa Bhartiya | E97: Not Documented yet | F97: Diabetes Project | G97: Y | H97: Y
A98: 4A1469 | C98: Sanjay Shahaji Yadav | E98: Not Documented yet | F98: Diabetes Project | G98: Y | H98: Y
A99: 4A1470 | C99: Amir Shaikh | E99: Not Documented yet | F99: Diabetes Project | G99: Y | H99: Y
A100: 4A1471 | C100: Sunil Sambhaji Kadam | E100: Not Documented yet | F100: Diabetes Project | G100: Y | H100: Y
...

Sheet UK_Lab
A1: Sr. No. | B1: PID | C1: SID | D1: UK_ID | E1: Name | F1: Age | G1: Gender | H1: Sequenced by | I1: Case Labels | J1: Cancer Type | K1: Collection Centre/ Referred by | L1: Type of Test | M1: Exome report
A2: 1 | B2: E000009 | C2: 3A0244 | D2: TZ_22213974 | E2: Evrim Mutlu | F2: 32 | G2: Female | H2: Medgenome | I2: CON
A3: 2 | B3: F000009 | C3: 3A0245 | D3: TZ_22213975 | E3: Firdes Mutlu | F3: 69 | G3: Female | H3: Medgenome | I3: CON
A4: 3 | B4: A000179 | C4: 3A0251 | D4: TZ_22214855 | E4: Aseem Malhotra | F4: 46 | G4: Male | H4: Medgenome | I4: CON
A5: 4 | B5: S000358 | C5: 3A0377 | D5: TZ_22216538_Plasma | E5: Samantha Fowles | F5: 50 | G5: Female | H5: Medgenome | I5: CON
A6: 5 | B6: M000129 | C6: 3A0378 | D6: TZ_22216539_Plasma | E6: Mark Fowles | F6: 56 | G6: Male | H6: Medgenome | I6: CON
A7: 6 | B7: A000191 | C7: 3A0383 | D7: TZ_22217321_Plasma | E7: Andrew Scarborough | F7: 38 | G7: Male | H7: Medgenome | I7: CON
A8: 7 | B8: V000079 | C8: 3A0384 | D8: TZ_22217322_Plasma | E8: Vanessa Thompson | F8: 60 | G8: Female | H8: Medgenome | I8: CON
A9: 8 | B9: W000005 | C9: 3A0385 | D9: TZ_22217324_Plasma | E9: Wayne Quasha | F9: 76 | G9: Male | H9: Medgenome | I9: CON
A10: 9 | B10: R000142 | C10: 3A0391 | D10: TZ_22218096_Plasma | E10: Roger Evans | F10: 69 | G10: Male | H10: Medgenome | I10: CON
A11: 10 | B11: J000053 | C11: 3A0392 | D11: TZ_22218097_Plasma | E11: Judith Evans | F11: 66 | G11: Female | H11: Medgenome | I11: CON
A12: 11 | B12: S000359 | C12: 3A0393 | D12: TZ_22218104_Plasma | E12: Sarah Ford | F12: 41 | G12: Female | H12: Medgenome
A13: 12 | B13: A000204 | C13: 3A0496 | D13: TZ_22220160_Plasma | E13: Andrea Myles | F13: 69 | G13: Female | H13: Medgenome | I13: CON
A14: 13 | B14: C000026 | C14: 3A0499 | D14: TZ_22220733_Plasma | E14: Claire Stephenson | F14: 30 | G14: Female | H14: Medgenome | I14: CON
A15: 14 | B15: I000016 | C15: 3A0500 | D15: TZ_22220734_Plasma | E15: Ian John Hinton | F15: 55 | G15: Male | H15: Medgenome | I15: CON
A16: 15 | B16: A000205 | C16: 3A0502 | D16: TZ_22220856_Plasma | E16: Alan Norris | F16: 73 | G16: Male | H16: Medgenome | I16: CON
A17: 16 | B17: E000011 | C17: 3A0568 | D17: TZ_OXN001_Plasma | E17: Elizabeth Storer | F17: 53 | G17: Female | H17: Medgenome | I17: CON
A18: 17 | B18: H000031 | C18: 3A0569 | D18: TZ_OXN002_Plasma | E18: Hannah Bracegirdle | F18: 37 | G18: Female | H18: Medgenome | I18: CON
A19: 18 | B19: A000214 | C19: 3A0570 | D19: TZ_OXN003_Plasma | E19: Andrew Russell | F19: 54 | G19: Male | H19: Medgenome | I19: CON
A20: 19 | B20: L000029 | C20: 3A0571 | D20: TZ_OXN004_Plasma | E20: Louise Russell | F20: 53 | G20: Female | H20: Medgenome | I20: CON
A21: 20 | B21: A000215 | C21: 3A0575 | D21: TZ_OXN005_Plasma | E21: Amanda McAlister | F21: 50 | G21: Female | H21: Medgenome | I21: CON
A22: 21 | B22: S000388 | C22: 3A0576 | D22: TZ_OXN006_Plasma | E22: Shirley Bracegirdle | F22: 67 | G22: Female | H22: Medgenome | I22: CON
A23: 22 | B23: S000389 | C23: 3A0612 | D23: TZ_22223804_Plasma | E23: Steven J Gilbert | F23: 77 | G23: Male | H23: Medgenome | I23: CON
A24: 23 | B24: G000049 | C24: 3A0613 | D24: TZ_22223906_Plasma | E24: Gregory Butcher | F24: 64 | G24: Male | H24: Medgenome | I24: CON
... A31: 30 | B31: K000096 | C31: 3A0839 | D31: TZ_OXN009 | E31: Kerry Katona | F31: 43 | G31: Female | H31: Medgenome | I31: CON
A32: 31 | B32: EBPL03034 | C32: 3A0840 | D32: TZ_OXN010 | E32: Simon Cooper | F32: 51 | G32: Male | H32: Medgenome
A33: 32 | B33: EBPL03035 | C33: 3A0841 | D33: TZ_OXN011 | E33: Sule Cooper | F33: 49 | G33: Female | H33: Medgenome | I33: CON
A34: 33 | B34: EBPL03036 | C34: 3A0842 | D34: TZ_22233296 | E34: Christian Kaelin | F34: 52 | G34: Male | H34: Medgenome | I34: CON | M34: Made
A35: 34 | B35: EBPL03037 | C35: 3A0843 | D35: TZ_OXN012 | E35: Cindy Moser | F35: 62 | G35: Female | H35: Medgenome | I35: CON
A36: 35 | B36: EBPL03038 | C36: 3A0844 | D36: TZ_OXN013 | E36: Joanne Grieves | F36: 59 | G36: Female | H36: Medgenome | I36: CON
A37: 36 | B37: EBPL03039 | C37: 3A0845 | D37: TZ_OXN015 | E37: Mark Hornshaw | F37: 49 | G37: Male | H37: Medgenome | I37: CON
A38: 37 | B38: EBPL03040 | C38: 3A0846 | D38: TZ_OXN016 | E38: Paul Hornshaw | F38: 51 | G38: Male | H38: Medgenome | I38: CON
A39: 38 | B39: EBPL03041 | C39: 3A0847 | D39: TZ_OXN017 | E39: Peter Hornshaw | F39: 81 | G39: Male | H39: Medgenome | I39: CON
A40: 39 | B40: EBPL03042 | C40: 3A0848 | D40: OXN018 | E40: Jacqueline Hornshaw | F40: 69 | G40: Female | H40: Medgenome | I40: CON
A41: 40 | B41: L000033 | C41: 3A1062 | D41: TZ_22238219 | E41: Leon Allen | F41: 43 | G41: Male | H41: Medgenome | I41: CON
A42: 41 | B42: G000061 | C42: 3A1063 | D42: TZ_22238222 | E42: Gavin Wood | F42: 54 | G42: Male | H42: Medgenome | I42: CON | M42: Made
A43: 42 | B43: J000080 | C43: 3A1064 | D43: TZ_22238223 | E43: James Coleman | F43: 62 | G43: Male | H43: Medgenome | I43: CON | M43: Made
A44: 43 | B44: J000081 | C44: 3A1065 | D44: TZ_22238225 | E44: Joanne Bernard | F44: 78 | G44: Female | H44: Medgenome | I44: CON
A45: 44 | B45: B000068 | C45: 3A1066 | D45: TZ_22238226 | E45: Barbara Ann Bernard | F45: 44 | G45: Female | H45: Medgenome | I45: CON
A46: 45 | B46: D000096 | C46: 3A1067 | D46: TZ_22238228 | E46: Dot Allen | F46: 73 | G46: Female | H46: Medgenome | I46: CON
A47: 46 | B47: A000179 | C47: 3A1068 | D47: TZ_22238230 | E47: Aseem Malhotra | F47: 46 | G47: Male | H47: Medgenome | I47: CON
A48: 47 | B48: A000284 | C48: 3A1109 | D48: TZ_HRC001002_PLASMA | E48: Artur Wegrynowicz | F48: 33 | G48: Male | H48: Medgenome | I48: CON
A49: 48 | B49: M000160 | C49: 3A1110 | D49: TZ_HRC001008_PLASMA | E49: Michael O'Brien | F49: 40 | G49: Male | H49: Medgenome | I49: CON
A50: 49 | B50: J000085 | C50: 3A1111 | D50: HRC001004_PLASMA | E50: Jade Newnham | F50: 39 | G50: Female | H50: Medgenome | I50: CON
A51: 50 | B51: D000099 | C51: 3A1112 | D51: TZ_OXN020_PLASMA | E51: David Newns | F51: 40 | G51: Male | H51: Medgenome | I51: CON
A52: 51 | B52: C000034 | C52: 3A1113 | D52: TZ_OXN021_PLASMA | E52: Christopher McAvoy | F52: 41 | G52: Male | H52: Medgenome | I52: CON
A53: 52 | B53: A000285 | C53: 3A1114 | D53: HRC001009_PLASMA | E53: Anthony Malkin | F53: 62 | G53: Male | H53: Medgenome
A54: 53 | B54: R000197 | C54: 3A1115 | D54: HRC001013_PLASMA | E54: Rachelle Malkin | F54: 60 | G54: Female | H54: Medgenome | I54: CON
A55: 54 | B55: N000109 | C55: 3A1116 | D55: TZ_OXN25_PLASMA | E55: Nissar Rafiq | F55: 42 | G55: Male | H55: Medgenome | M55: Made
A56: 55 | B56: S000481 | C56: 3A1117 | D56: TZ_OXN26_PLASMA | E56: Samantha Brittain Dissont | F56: 55 | G56: Female | H56: Medgenome
A57: 56 | B57: H000039 | C57: 3A1118 | D57: TZ_OXN027_PLASMA | E57: Harriet Melero Brown | F57: 32 | G57: Female | H57: Medgenome | I57: CON
A58: 57 | D58: TZL-1A0002_S44 | E58: Mark Phelps​ | F58: 63 | G58: Male | H58: Mibiome | I58: CS-PROSTATE
A59: 58 | D59: TZL-1A0004_S45 | E59: Theodore Deinard​ | F59: 51 | G59: Male | H59: Mibiome | I59: CON
A60: 59 | D60: TZL-1A0005_S46 | E60: Elizabeth Edwards​ | F60: 47 | G60: Female | H60: Mibiome | I60: CON
A61: 60 | D61: TZL-1A0007_S47 | E61: Danny Scargill​ | F61: 37 | G61: Male | H61: Mibiome | I61: CON
A62: 61 | D62: TZL-1A0008_S48 | E62: Emma Jones​ | F62: 43 | G62: Female | H62: Mibiome | I62: CON
A63: 62 | D63: TZL-1A0009_S49 | E63: Jorge Luis Marrero Mora | F63: 53 | G63: Male | H63: Mibiome | I63: CON
A64: 63 | D64: TZL-1A0012_S20 | E64: Roger Evans​ | F64: 70 | G64: Male | H64: Mibiome | I64: CON
A66: HRC Genomics
A67: SR. No. | B67: PID | C67: SID | D67: Receipt SID | E67: Name | F67: Age | G67: Gender | H67: Column1 | I67: Case Label | J67: Cancer Type | K67: Collection Centre/ Referred by | L67: Type of Test
A68: 1 | B68: TZL-A-0001 | C68: TZL - 1A0001 | E68: Kshama Pansare | F68: 42 | G68: Female | J68: NA | K68: Tzar Lab
A69: 2 | B69: TZL-A-0002 | C69: TZL - 1A0002 | D69: HRC001049 | E69: Mark Phelps | F69: 63 | G69: Male | I69: CS-PROSTATE | J69: Male Reproductive Organ (Prostate) | K69: The Leading Clinic at Royal Kingston - Dr Haidar Saad | L69: HrC Genomics
A70: 3 | B70: TZL-A-0003 | C70: TZL - 1A0003 | D70: HRC001005 | E70: Jennifer Deinard | F70: 53 | G70: Female | I70: CON | J70: NA | K70: Self | L70: HrC Genomics
A71: 4 | B71: TZL-A-0004 | C71: TZL - 1A0004 | D71: HRC001011 | E71: Theodore Deinard | F71: 51 | G71: Male | I71: CON | J71: NA | K71: Self | L71: HrC Genomics
A72: 5 | B72: TZL-A-0005 | C72: TZL - 1A0005 | E72: Elizabeth Edwards | F72: 47 | G72: Female | I72: CON | J72: NA | K72: Extensa Clinic by Dr André Brittain-Dissont | L72: HrC Genomics
A73: 6 | B73: TZL-A-0006 | C73: TZL - 1A0006 | E73: Shirley Bracegirdle | F73: 68 | G73: Female | I73: CON | J73: NA | K73: Extensa Clinic by Dr André Brittain-Dissont | L73: HrC Genomics
A74: 7 | B74: TZL-A-0007 | C74: TZL - 1A0007 | E74: Danny Scargill | F74: 37 | G74: Male | I74: CON | J74: NA | K74: Extensa Clinic by Dr André Brittain-Dissont | L74: HrC Genomics
A75: 8 | B75: TZL-A-0008 | C75: TZL - 1A0008 | E75: Emma Jones | F75: 43 | G75: Female | I75: CON | J75: NA | K75: Extensa Clinic by Dr André Brittain-Dissont | L75: HrC Genomics
A76: 9 | B76: TZL-A-0009 | C76: TZL - 1A0009 | E76: Jorge Luis Marrero Mora | F76: 53 | G76: Male | I76: CON | J76: NA | K76: Reborne Longevity | L76: B-Cube Onco & Diabetes
A77: 10 | B77: TZL-A-0010 | C77: TZL - 1A0010 | D77: HRC001041 | E77: Mark Fowles | F77: 57 | G77: Male | I77: CON | J77: NA | K77: Self | L77: HrC Genomics
A78: 11 | B78: TZL-A-0011 | C78: TZL - 1A0011 | D78: HRC001003 | E78: Judith Evans | F78: 67 | G78: Female | I78: CON | J78: NA | K78: Self | L78: HrC Genomics
A79: 12 | B79: TZL-A-0012 | C79: TZL - 1A0012 | D79: HRC001033 | E79: Roger Evans | F79: 70 | G79: Male | I79: CON | J79: NA | K79: Self | L79: HrC Genomics
A80: 13 | B80: TZL-A-0013 | C80: TZL - 1A0013 | D80: HRC001034 | E80: Dennis Mehiel | F80: 83 | G80: Male | I80: CON | J80: NA | K80: Self | L80: B-Cube Onco
A81: 14 | B81: TZL-A-0014 | C81: TZL - 1A0014 | D81: HRC001032 | E81: Karen Mehiel | F81: 64 | G81: Female | I81: CS-GI COLON | J81: GI (Colon) | K81: Self | L81: B-Cube Onco
A82: 15 | B82: TZL-A-0015 | C82: TZL - 1A0015 | D82: HRC001043 | E82: Marcel Blot Chabaud | F82: 60 | G82: Male | I82: CON | J82: NA | K82: Self | L82: HrC Genomics
A83: 16 | B83: TZL-A-0016 | C83: TZL - 1A0016 | D83: HRC001044 | E83: Isabelle Blot Chabaud | F83: 61 | G83: Female | I83: CON | J83: NA | K83: Self | L83: HrC Genomics
A84: 17 | B84: TZL-A-0017 | C84: TZL - 1A0017 | D84: HRC001036 | E84: Ellen Gunnarsson | F84: 29 | G84: Female | I84: CON | J84: NA | K84: Self | L84: B-Cube Onco, Cardio, Diabetes & Neuro
A85: 18 | B85: TZL-A-0018 | C85: TZL - 1A0018 | D85: HRC001042 | E85: Diana Chernetska | F85: 48 | G85: Female | I85: CON | J85: NA | K85: Self | L85: B-Cube Onco, Cardio, Diabetes & Neuro
A86: 19 | B86: TZL-A-0019 | C86: TZL - 1A0019 | E86: Celia Black | F86: 62 | G86: Female | I86: CS-Female Reproductive Organ (Uterine) | J86: Female Reproductive Organ (Uterine) | K86: Self | L86: B-Cube Onco, Cardio, Diabetes & Neuro
A87: 20 | B87: TZL-A-0020 | C87: TZL - 1A0020 | E87: Charlie Kam | F87: 62 | G87: Female | I87: CON | K87: Self | L87: B-Cube Onco, Cardio, Diabetes & Neuro
A88: 21 | B88: TZL-A-0002 | C88: TZL - 1A0021 | D88: HRC001048 | E88: Mark Phelps | F88: 63 | G88: Male | I88: CS-PROSTATE | J88: Male Reproductive Organ (Prostate) | K88: The Leading Clinic at Royal Kingston | L88: HrC Genomics
A89: 22 | B89: TZL-A-0021 | C89: TZL - 1A0022 | E89: Paul Kanavos | F89: 68 | G89: Male | I89: CS | K89: Rebrone Longevity | L89: B-Cube Onco & Diabetes
A90: 23 | B90: TZL-A-0022 | C90: TZL - 1A0023 | E90: Dayssi Olarte Kanavos | F90: 63 | G90: Female | I90: CON | K90: Rebrone Longevity | L90: B-Cube Onco & Diabetes
A91: 24 | B91: TZL-A-0023 | C91: TZL - 1A0024 | E91: Pencho Salovski | F91: 86 | G91: Male | I91: CAN | J91: Renal, no histology | K91: Dr Aamer Khan | L91: B-Cube Onco
A92: 25 | B92: TZL-A-0024 | C92: TZL - 1A0025 | D92: HRC001046 | E92: Leon Allen | F92: 45 | G92: Male | I92: CON | K92: Self | L92: HrC Genomics
A93: 26 | B93: TZL-A-0006 | C93: TZL - 1A0026 | E93: Shirley Bracegirdle | F93: 68 | G93: Female | I93: CON | J93: NA | K93: Extensa Clinic by Dr André Brittain-Dissont | L93: HrC Genomics
A94: 27 | B94: TZL-A-0025 | C94: TZL - 1A0027 | E94: Turner Sally | F94: 41 | G94: Female | I94: CON | J94: NA | K94: Extensa Clinic by Dr André Brittain-Dissont | L94: HrC Genomics
A95: 28 | B95: TZL-A-0026 | C95: TZL - 1A0028 | E95: Molly Siobhan | F95: 52 | G95: Female | I95: CON | J95: NA | K95: Extensa Clinic by Dr André Brittain-Dissont | L95: HrC Genomics
A96: 29 | B96: TZL-A-0027 | C96: TZL - 1A0029 | E96: Anne Nicks | F96: 40 | G96: Female | I96: CON | J96: NA | L96: B-Cube Onco, Cardio, Diabetes & Neuro
A97: 30 | B97: TZL-A-0028 | C97: TZL - 1A0030 | E97: Kevin Burchler | F97: 29 | G97: Female | I97: CON | J97: NA | L97: B-Cube Onco, Cardio, Diabetes & Neuro
A98: 31 | B98: TZL-A-0029 | C98: TZL - 1A0031 | E98: Aditya Khanna | F98: 47 | G98: Male | I98: CON | J98: NA | K98: Tzar Lab | L98: B-Cube Onco
A99: 32 | B99: TZL-A-0030 | C99: TZL-1A0032 | E99: Barry Gilbert | F99: 74 | G99: Male | J99: Prostate | K99: Tzar Lab | L99: B-Cube Onco
A100: 33 | B100: TZL - 1A0001_P Day 1 C3
A101: 34 | B101: TZL - 1A0001_P Day 2 C3
A102: 35 | B102: TZL - 1A0001_P Day 3 C3
A103: 38 | C103: TZL - 1A0033 | I103: CON
A104: 39 | C104: TZL - 1A0034 | I104: CON
A105: 40 | C105: TZL - 1A0035 | I105: CON
A106: 41 | C106: TZL - 1A0036 | I106: CON
A107: 42 | C107: TZL - 1A0038 | I107: CS-PROSTATE
...

Sheet Imperial_CRC
A1: VID | B1: Age | C1: Sex | D1: Smoker | E1: Polyps | F1: Cancer subtype: 0 = Adeno cancer 1=Diverticulitis 2=Diverticulosis 3=polyps 4=NAD 5=UC, 6=Crohns | G1: FinalTstage | H1: FinalNstage | I1: FinalMstage | J1: STAGE | K1: Cancer type (1 = adeno 2 = SCC 3 = LM 4 =NET | L1: CancerConfirmedno0yes1
A2: V016 | B2: 48 | C2: 0 | D2: 0 | E2: 0 | F2: 0 | G2: 0 | H2: 0 | I2: 0 | J2: 0 | K2: 0 | L2: 0
A3: v018 | B3: 24 | C3: 1 | D3: 2 | E3: 0 | F3: 0 | G3: 0 | H3: 0 | I3: 0 | J3: 0 | K3: 0 | L3: 0
A4: v019 | B4: 62 | C4: 1 | D4: 1 | E4: 1 | F4: 3 | G4: 0 | H4: 0 | I4: 0 | J4: 0 | K4: 0 | L4: 0
A5: v023 | B5: 76 | C5: 1 | D5: 0 | E5: 1 | F5: 0 | G5: 3 | H5: 0 | I5: 0 | J5: 2 | K5: 1 | L5: 1
A6: v027 | B6: 66 | C6: 1 | D6: 1 | E6: 0 | F6: 0 | G6: 3 | H6: 0 | I6: 0 | J6: 2 | K6: 1 | L6: 1
A7: v031 | B7: 64 | C7: 0 | D7: 2 | E7: 1 | F7: 0 | G7: 1 | H7: 0 | I7: 0 | J7: 1 | K7: 3 | L7: 1
A8: v032 | B8: 54 | C8: 1 | D8: unknown | E8: 1 | F8: 3 | G8: 0 | H8: 0 | I8: 0 | J8: 0 | K8: 0 | L8: 0
A9: v033 | B9: 58 | C9: 0 | D9: unknown | E9: 0 | F9: 4 | G9: 0 | H9: 0 | I9: 0 | J9: 0 | K9: 0 | L9: 0
A10: v034 | B10: 81 | C10: 1 | D10: unknown | E10: 1 | F10: 1 | G10: 0 | H10: 0 | I10: 0 | J10: 0 | K10: 0 | L10: 0
A11: v035 | B11: 79 | C11: 0 | D11: 0 | E11: 1 | F11: 0 | G11: 4 | H11: 1 | I11: 0 | J11: 3 | K11: 2 | L11: 1
A12: v036 | B12: 76 | C12: 0 | D12: Unknown | E12: 1 | F12: 0 | G12: 4 | H12: 0 | I12: 0 | J12: 2 | K12: 1 | L12: 1
A13: v040 | B13: 57 | C13: 1 | D13: 0 | E13: 0 | F13: 1 | G13: 3 | H13: 2 | I13: 1 | J13: 3 | K13: 1 | L13: 1
A14: v041 | B14: 61 | C14: 0 | D14: Unknown | E14: 1 | F14: 0 | G14: 1 | H14: 0 | I14: 0 | J14: 1 | K14: 4 | L14: 1
A15: v042 | B15: 74 | C15: 0 | D15: 0 | E15: 0 | F15: 0 | G15: 3 | H15: 1 | I15: 0 | J15: 3 | K15: 1 | L15: 1
A16: v044 | B16: 61 | C16: 0 | D16: Unknown | E16: 1 | F16: 3 | G16: 0 | H16: 0 | I16: 0 | J16: 0 | K16: 0 | L16: 0
A17: v045 | B17: 63 | C17: 0 | D17: Unknown | E17: 0 | F17: 1 | G17: 0 | H17: 0 | I17: 0 | J17: 0 | K17: 0 | L17: 0
A18: v047 | B18: 63 | C18: 1 | D18: Unknown | E18: 0 | F18: 3 | G18: 0 | H18: 0 | I18: 0 | J18: 0 | K18: 0 | L18: 0
A19: v048 | B19: 72 | C19: 0 | D19: 0 | E19: 0 | F19: 4 | G19: 0 | H19: 0 | I19: 0 | J19: 0 | K19: 0 | L19: 0
A20: v049 | B20: 58 | C20: 1 | D20: unknown | E20: 1 | F20: 4 | G20: 0 | H20: 0 | I20: 0 | J20: 0 | K20: 0 | L20: 0
A21: v050 | B21: 68 | C21: 0 | D21: unknown | E21: 0 | F21: 4 | G21: 0 | H21: 0 | I21: 0 | J21: 0 | K21: 0 | L21: 0
A22: v051 | B22: 75 | C22: 1 | D22: 2 | E22: 0 | F22: 4 | G22: 0 | H22: 0 | I22: 0 | J22: 0 | K22: 0 | L22: 0
A23: v052 | B23: 64 | C23: 0 | D23: Unknown | E23: 0 | F23: 4 | G23: 0 | H23: 0 | I23: 0 | J23: 0 | K23: 0 | L23: 0
A24: v053 | B24: 62 | C24: 0 | D24: Unknown | E24: 0 | F24: 4 | G24: 0 | H24: 0 | I24: 0 | J24: 0 | K24: 0 | L24: 0
A25: v054 | B25: 62 | C25: 1 | D25: unknown | E25: 0 | F25: 4 | G25: 0 | H25: 0 | I25: 0 | J25: 0 | K25: 0 | L25: 0
A26: v062 | B26: 61 | C26: 0 | D26: unknown | E26: 0 | F26: 4 | G26: 0 | H26: 0 | I26: 0 | J26: 0 | K26: 0 | L26: 0
A27: v063 | B27: 50 | C27: 1 | D27: 0 | E27: 0 | F27: 4 | G27: 0 | H27: 0 | I27: 0 | J27: 0 | K27: 0 | L27: 0
A28: v064 | B28: 58 | C28: 1 | D28: 0 | E28: 1 | F28: 3 | G28: 0 | H28: 0 | I28: 0 | J28: 0 | K28: 0 | L28: 0
A29: v065 | B29: 56 | C29: 1 | D29: 0 | E29: 1 | F29: 0 | G29: 1 | H29: 0 | I29: 0 | J29: 1 | K29: 1 | L29: 1
A30: v066 | B30: 62 | C30: 0 | D30: 0 | E30: 0 | F30: 4 | G30: 0 | H30: 0 | I30: 0 | J30: 0 | K30: 0 | L30: 0
A31: v067 | B31: 41 | C31: 1 | D31: unknown | E31: 0 | F31: 4 | G31: 0 | H31: 0 | I31: 0 | J31: 0 | K31: 0 | L31: 0
A32: v068 | B32: 84 | C32: 0 | D32: 0 | E32: 0 | F32: 4 | G32: 0 | H32: 0 | I32: 0 | J32: 0 | K32: 0 | L32: 0
A33: v069 | B33: 53 | C33: 1 | D33: unknown | E33: 0 | F33: 2 | G33: 0 | H33: 0 | I33: 0 | J33: 0 | K33: 0 | L33: 0
A34: v071 | B34: 96 | C34: 1 | D34: 0 | E34: #NULL! | F34: 4 | G34: 3 | H34: 0 | I34: 0 | J34: 2 | K34: 1 | L34: 1
A35: v072 | B35: 75 | C35: 1 | D35: 0 | E35: 0 | F35: 4 | G35: 0 | H35: 0 | I35: 0 | J35: 0 | K35: 0 | L35: 0
A36: v073 | B36: 71 | C36: 0 | D36: 0 | E36: 0 | F36: 4 | G36: 0 | H36: 0 | I36: 0 | J36: 0 | K36: 0 | L36: 0
A37: v077 | B37: 81 | C37: 0 | D37: 1 | E37: 1 | F37: 2 | G37: 0 | H37: 0 | I37: 0 | J37: 0 | K37: 0 | L37: 0
A38: v079 | B38: 72 | C38: 1 | D38: 0 | E38: 0 | F38: 4 | G38: 0 | H38: 0 | I38: 0 | J38: 0 | K38: 0 | L38: 0
A39: v080 | B39: 71 | C39: 0 | D39: 2 | E39: 0 | F39: 4 | G39: 0 | H39: 0 | I39: 0 | J39: 0 | K39: 0 | L39: 0
A40: v083 | B40: 44 | C40: 0 | D40: 0 | E40: 0 | F40: 0 | G40: 1 | H40: 0 | I40: 0 | J40: 1 | K40: 4 | L40: 1
A41: v086 | B41: 68 | C41: 1 | D41: unknown | E41: 0 | F41: 4 | G41: 0 | H41: 0 | I41: 0 | J41: 0 | K41: 0 | L41: 0
A42: v087 | B42: 67 | C42: 1 | D42: 0 | E42: 1 | F42: 0 | G42: 3 | H42: 0 | I42: 0 | J42: 2 | K42: 1 | L42: 1
A43: v088 | B43: 81 | C43: 1 | D43: unknown | E43: 0 | F43: 3 | G43: 0 | H43: 0 | I43: 0 | J43: 0 | K43: 0 | L43: 0
A44: v089 | B44: 75 | C44: 1 | D44: 0 | E44: 1 | F44: 1 | G44: 0 | H44: 0 | I44: 0 | J44: 0 | K44: 0 | L44: 0
A45: v090 | B45: 49 | C45: 1 | D45: 0 | E45: 0 | F45: 0 | G45: 3 | H45: 0 | I45: 0 | J45: 2 | K45: 1 | L45: 1
A46: v092 | B46: 53 | C46: 0 | D46: 0 | E46: 0 | F46: 4 | G46: 0 | H46: 0 | I46: 0 | J46: 0 | K46: 0 | L46: 0
A47: v093 | B47: 61 | C47: 1 | D47: 0 | E47: 0 | F47: 1 | G47: 0 | H47: 0 | I47: 0 | J47: 0 | K47: 0 | L47: 0
A48: v095 | B48: 67 | C48: 1 | D48: 2 | E48: 0 | F48: 4 | G48: 0 | H48: 0 | I48: 0 | J48: 0 | K48: 0 | L48: 0
A49: v097 | B49: 85 | C49: 1 | D49: 2 | E49: 0 | F49: 0 | G49: 3 | H49: 0 | I49: 0 | J49: 2 | K49: 1 | L49: 1
A50: v098 | B50: 67 | C50: 1 | D50: 0 | E50: 0 | F50: 0 | G50: 1 | H50: 0 | I50: 0 | J50: 1 | K50: 1 | L50: 1
A51: v099 | B51: 54 | C51: 0 | D51: 2 | E51: 1 | F51: 0 | G51: 3 | H51: 0 | I51: 0 | J51: 2 | K51: 1 | L51: 1
A52: v100 | B52: 83 | C52: 1 | D52: 1 | E52: 1 | F52: 0 | G52: 1 | H52: 0 | I52: 0 | J52: 1 | K52: 1 | L52: 1
A53: v102 | B53: 90 | C53: 1 | D53: 2 | E53: 0 | F53: 0 | G53: 1 | H53: 0 | I53: 0 | J53: 1 | K53: 1 | L53: 1
A54: v103 | B54: 65 | C54: 0 | D54: 0 | E54: 1 | F54: 0 | G54: 4 | H54: 1 | I54: 0 | J54: 3 | K54: #NULL! | L54: 1
A55: v104 | B55: 60 | C55: 1 | D55: 0 | E55: 0 | F55: 0 | G55: 1 | H55: 0 | I55: 0 | J55: 1 | K55: 1 | L55: 1
A56: v105 | B56: 66 | C56: 0 | D56: 0 | E56: 0 | F56: 0 | G56: 1 | H56: 0 | I56: 0 | J56: 1 | K56: 1 | L56: 1
A57: v106 | B57: 50 | C57: 0 | D57: 0 | E57: 0 | F57: 0 | G57: 4 | H57: 2 | I57: 1 | J57: 4 | K57: 1 | L57: 1
A58: v107 | B58: 54 | C58: 1 | D58: unknown | E58: 1 | F58: 0 | G58: 3 | H58: 1 | I58: 0 | J58: 3 | K58: 1 | L58: 1
A59: v108 | B59: 64 | C59: 1 | D59: unknown | E59: 0 | F59: 0 | G59: 3 | H59: 0 | I59: 0 | J59: 2 | K59: 1 | L59: 1
A60: v109 | B60: 70 | C60: 0 | D60: unknown | E60: 1 | F60: 0 | G60: 2 | H60: 0 | I60: 0 | J60: 1 | K60: 1 | L60: 1
A61: v110 | B61: 78 | C61: 0 | D61: 1 | E61: #NULL! | F61: 0 | G61: 0 | H61: 0 | I61: 0 | J61: 0 | K61: 0 | L61: 0
A62: v111 | B62: 65 | C62: 0 | D62: unknown | E62: 0 | F62: 0 | G62: 3 | H62: 0 | I62: 0 | J62: 2 | K62: 1 | L62: 1
A63: v112 | B63: 74 | C63: 1 | D63: 0 | E63: 0 | F63: #NULL! | G63: 1 | H63: 1 | I63: 0 | J63: 3 | K63: 1 | L63: 1
A64: v113 | B64: 70 | C64: 1 | D64: unknown | E64: 1 | F64: 0 | G64: 1 | H64: 0 | I64: 0 | J64: 1 | K64: 1 | L64: 1
A65: v114 | B65: 83 | C65: 0 | D65: 0 | E65: 1 | F65: 1 | G65: 4 | H65: 2 | I65: 0 | J65: 3 | K65: 1 | L65: 1
A66: v115 | B66: 42 | C66: 0 | D66: 0 | E66: 0 | F66: 0 | G66: 2 | H66: 0 | I66: 0 | J66: 1 | K66: 1 | L66: 1
A67: v116 | B67: 31 | C67: 1 | D67: unknown | E67: 0 | F67: 0 | G67: 1 | H67: 0 | I67: 0 | J67: 1 | K67: 4 | L67: 1

Sheet Manchester_lung
A1: StudyID | B1: Age | C1: Sex | D1: Ethnicity | E1: CancerOutcome | F1: case.control | G1: Cancer
A2: 9034 | B2: 70 | C2: Female | D2: White | E2: Indeterminate | F2: #NULL! | G2: 3
A3: 9066 | B3: 77 | C3: Female | D3: White | E3: Indeterminate | F3: #NULL! | G3: 3
A4: 9101 | B4: 83 | C4: Female | D4: White | E4: Indeterminate | F4: #NULL! | G4: 3
A5: 9020 | B5: 58 | C5: Female | D5: White | E5: Negative | F5: 2 | G5: #NULL!
A6: 9072 | B6: 63 | C6: Female | D6: White | E6: Negative | F6: 2 | G6: #NULL!
A7: 9001 | B7: 45 | C7: Female | D7: White | E7: Negative | F7: 2 | G7: 2
A8: 9002 | B8: 62 | C8: Female | D8: Caribbean | E8: Negative | F8: 2 | G8: 2
A9: 9056 | B9: 73 | C9: Male | D9: White | E9: Positive | F9: 1 | G9: 1
A10: 9038 | B10: 89 | C10: Male | D10: White | E10: Positive | F10: 1 | G10: 1
A11: 9004 | B11: 63 | C11: Female | D11: White | E11: Negative | F11: 2 | G11: 2
A12: 9006 | B12: 53 | C12: Female | D12: White | E12: Negative | F12: 2 | G12: 2
A13: 9007 | B13: 56 | C13: Female | D13: White | E13: Negative | F13: 2 | G13: 2
A14: 9008 | B14: 63 | C14: Male | D14: White | E14: Negative | F14: 2 | G14: 2
A15: 9009 | B15: 70 | C15: Male | D15: White | E15: Negative | F15: 2 | G15: 2
A16: 9011 | B16: 51 | C16: Female | D16: White | E16: Negative | F16: 2 | G16: 2
A17: 9014 | B17: 65 | C17: Female | D17: White | E17: Negative | F17: 2 | G17: 2
A18: 9015 | B18: 61 | C18: Female | D18: White | E18: Negative | F18: 2 | G18: 2
... A102: 9115 | B102: 67 | C102: Male | D102: White | E102: Positive | F102: 1 | G102: 1

Sheet Case lebel validation
A1: 1A0347 | B1: HR | C1: Control | D1: Screening | E1: 0 | F1: V Krishnan | J1: SID | K1: Status | L1: Sample Status | M1: Cancer Type | N1: CASE LABEL
A2: 2A0333 | B2: Benign | C2: Control | D2: Screening | E2: 0 | F2: Mahesh Agrawal | J2: 1A0005 | K2: Control | L2: Screening
A3: 2A1022 | B3: CON | C3: Control | D3: Screening | E3: 0 | F3: Brijesh Kaushal | J3: 1A0006 | K3: Cancer | L3: Benign Survivor | M3: Female Reproductive Organ (Endometriosis) | N3: BS
A4: 2A1100 | B4: CON | C4: Cancer | D4: Benign | E4: Hepatobilliary System (Liver, Hemangioma) | F4: Madhu Ruia | J4: 1A0008 | K4: Control | L4: Screening
A5: 3A0032 | B5: CON | C5: Cancer | D5: Benign | E5: Hepatobilliary System (Fatty Liver) | F5: Ashish Tripathi | J5: 1A0013 | K5: Control | L5: Screening
A6: 3A0350 | B6: HR | C6: Control | D6: Screening | E6: 0 | F6: Dheeraj Ahluwalia | J6: 1A0027 | K6: Control | L6: Screening
A7: 4A0652 | B7: CON | C7: Cancer | D7: Benign Treatment Naive | E7: Soft Tissue (Pilar Cyst) | F7: Sunanda Kadam | J7: 1A0029 | K7: Control | L7: Screening
A8: 4A0963 | B8: CON | C8: Cancer | D8: 0 | E8: Mouth ulcer since a month Acute infection, such as cold, cough, fever (viral infection) | F8: Nanda Gawade | J8: 1A0041 | K8: Control | L8: Screening
A9: 3A0534 | B9: HR | C9: #N/A | D9: #N/A | E9: #N/A | F9: Anand Hinduja | J9: 1A0044 | K9: Cancer | L9: COT | M9: Hematological and Lymphoid (Chronic Lymphocytic Leukemia) | N9: COT
A10: 1A0157 | B10: CTN | C10: Cancer | D10: COT | E10: Male Reproductive Organ (Prostate) | F10: Soumya Sahoo | J10: 1A0061 | K10: Control | L10: Screening
A11: 1A0162 | B11: CTN | C11: Cancer | D11: COT | E11: GI (Rectal) | F11: Pankaj Singh | J11: 1A0086 | K11: Cancer | L11: COT | M11: Hematological and Lymphoid (Non Hodgkins Lymphoma) | N11: COT
A12: 2A0144 | B12: CTN | C12: Cancer | D12: COT | E12: GI (Colon, Adenocarcinoma) | F12: Vijay Mhalagi | J12: 1A0116 | K12: Control | L12: Screening
A13: 2A0214 | B13: CTN | C13: Cancer | D13: COT | E13: GI (Colon, Signet Ring Carcinoma) | F13: Ramrao Bamgar | J13: 1A0136 | K13: Cancer | L13: CS | M13: Breast | N13: CS
A14: 2A0287 | B14: CTN | C14: Cancer | D14: COT | E14: GI (Colorectal, Adenocarcinoma) | F14: Sangeeta Parkhande | J14: 1A0154 | K14: Control | L14: Screening
A15: 2A0330 | B15: CTN | C15: Cancer | D15: COT | E15: GI (Colon, Mucinous Adenocarcinoma) | F15: Renuka Kambale | J15: 1A0155 | K15: Control | L15: Screening
A16: 4A0418 | B16: CTN | C16: #N/A | D16: #N/A | E16: #N/A | F16: Kanishka Bajpai | J16: 1A0156 | K16: Cancer | L16: COT | N16: COT
A17: 4A0672 | B17: CTN | C17: Control | D17: Screening | E17: 0 | F17: Hrishikesh Sawant | J17: 1A0157 | K17: Cancer | L17: COT | M17: Male Reproductive Organ (Prostate) | N17: COT
A18: 1A0329 | B18: COT | C18: Cancer | D18: CR CS | E18: Female Reproductive Organ (Ovary, Granulosa Cell Tumor) | F18: Rahee Joshi | J18: 1A0159 | K18: Control | L18: Screening
A19: 1A0505 | B19: COT | C19: Cancer | D19: CTN | E19: Lung (Adenocarcinoma) | F19: Sarika Bothare | J19: 1A0162 | K19: Cancer | L19: COT | M19: GI (Rectal) | N19: COT
A20: 2A0156 | B20: COT | C20: Cancer | D20: CTN | E20: Lung | F20: Tarabai Gawade | J20: 1A0166 | K20: Control | L20: Screening
A21: 2A0167 | B21: COT | C21: Cancer | D21: CTN | E21: Lung (Adenocarcinoma) | F21: Dam Bisht | J21: 1A0168 | K21: Control | L21: Screening
A22: 2A0186 | B22: COT | C22: Cancer | D22: CTN | E22: Lung | F22: Shalubai Mali | J22: 1A0169 | K22: Control | L22: Screening
A23: 1A0487 | B23: COT | C23: Cancer | D23: CS | E23: GI (Rectum, Adenocarcinoma) | F23: Jayant Bapat | J23: 1A0186 | K23: Cancer | L23: Benign Survivor | M23: Lipodermoid | N23: BS
A24: 3A0229 | B24: COT | C24: Cancer | D24: CS | E24: Hematological and Lymphoid System (MALT Lymphoma) | F24: Bennu Sehgal | J24: 1A0258 | K24: Cancer | L24: COT | M24: Hepatobilliary System (Liver, Adenocarcinoma) | N24: COT
A25: 4A0474 | B25: COT | C25: #N/A | D25: #N/A | E25: #N/A | F25: Reshma Jani | J25: 1A0329 | K25: Cancer | L25: CR CS | M25: Female Reproductive Organ (Ovary, Granulosa Cell Tumor) | N25: CR CS
A26: 4A0475 | B26: COT | C26: Cancer | D26: CR CTN | E26: Female Reproductive Organ (Uterus, Endometrial Adenocarcinoma) | F26: Anisha Diwakar | J26: 1A0347 | K26: Control | L26: Screening
A27: 1A0186 | B27: Benign | C27: Cancer | D27: Benign Survivor | E27: Lipodermoid | F27: Gautami Dhuri | J27: 1A0348 | K27: Control | L27: Screening
A28: 1A0375 | B28: CS | C28: Cancer | D28: COT | E28: GI (Colon, Adenocarcinoma) | F28: Shashikant Chitale | J28: 1A0349 | K28: Control | L28: Screening
A29: 1A0454 | B29: CS | C29: Cancer | D29: COT | E29: GI (Anal Canal, Non Kertinising Squamous Cell Carcinoma) | F29: Baban Agav | J29: 1A0375 | K29: Cancer | L29: COT | M29: GI (Colon, Adenocarcinoma) | N29: COT
A30: 1A0457 | B30: CS | C30: Cancer | D30: COT | E30: GI (Rectum, Adenocarcinoma) | F30: Feroz Shaikh | J30: 1A0388 | K30: Cancer | L30: COT | M30: GI (Rectum, Signet Ring Carcinoma) | N30: COT
A31: 2A0005 | B31: CS | C31: Cancer | D31: COT | E31: GI (Colon, Adenocarcinoma) | F31: Manekrao Madhavrao Solankhi | J31: 1A0422 | K31: Cancer | L31: COT | M31: Lung (Adenocarcinoma) | N31: COT
A32: 2A0635 | B32: CS | C32: Cancer | D32: COT | E32: Lung (Non Small Cell Carcinoma) | F32: Roopmala Agarwal | J32: 1A0424 | K32: Cancer | L32: COT | M32: Lung (Adenocarcinoma) | N32: COT
A33: 4A0153 | B33: CS | C33: Cancer | D33: COT | E33: Hematological and Lymphoid System (Non Hodgkins Lymphoma) | F33: Bindu Madhav Joshi | J33: 1A0428 | K33: Control | L33: Screening
A34: 4A1100 | B34: CS | C34: Control | D34: Screening | E34: 0 | F34: Reena Goyal | J34: 1A0429 | K34: Cancer | L34: COT | M34: Hematological and Lymphoid (Lymphoblastic Lymphoma) | N34: COT
A35: 2A1135 | B35: Benign | C35: Cancer | D35: CTN | E35: Breast | F35: Neha Vohra | J35: 1A0431 | K35: Cancer | L35: COT | M35: Hepatobilliary System (Pancreas, Adenocarcinoma) | N35: COT
A36: 3A0459 | B36: HR | C36: Cancer | D36: Benign | E36: Hepatobilliary System (Pancreas) | F36: Ishpal Oberoi | J36: 1A0432 | K36: Cancer | L36: Not Cancer | N36: NOT CAN
A37: 4A0778 | B37: Benign | C37: Control | D37: Screening | E37: 0 | F37: Ajay Sekhri | J37: 1A0433 | K37: Cancer | L37: Not Cancer | N37: NOT CAN
